Id,Score
1224650,4
1019381,4
504719,5
1622425,4
482286,4
1074829,4
1599357,4
1087427,5
203315,2
235783,4
418427,4
606664,4
696810,4
223492,4
980977,3
722783,5
338418,5
1446246,4
1346589,3
236375,4
986998,5
112636,5
709913,4
1584482,3
193582,5
1135952,4
389670,3
730761,5
477585,5
749958,4
931033,4
1139449,5
601607,4
694863,5
1301228,2
331166,3
1338905,3
840140,4
1682050,4
1445676,5
1415929,3
693164,4
1069701,5
160226,4
1369602,5
1521625,5
98468,5
437956,3
1001491,4
1001918,4
1442224,5
322903,5
529559,5
738622,5
1425126,5
1511284,2
1668562,4
1274969,4
630200,3
1309573,5
1230948,5
1547998,5
1097328,4
1175137,1
116385,2
952092,5
170056,5
28814,3
1593702,5
1596258,4
1443968,2
563324,3
647903,4
6944,3
531596,5
927186,5
468630,5
1129922,5
1477741,4
871815,4
300910,4
444195,4
397205,5
1477378,4
376312,3
1512714,3
1443157,3
1636194,3
23721,5
714335,4
1064055,4
672585,4
1632463,5
1356967,5
859910,4
1183027,5
1594591,3
102215,5
1386623,2
134189,5
1614098,4
1178859,3
863855,5
1286215,3
1117510,4
1584834,4
1651612,5
1557634,3
788577,5
694394,3
754643,5
1666598,5
722087,5
479697,4
734811,3
486800,1
384436,5
1486440,5
745493,2
788495,5
1127921,5
1512483,4
188986,3
1055361,3
1237611,5
72699,5
1204544,5
326864,4
92559,5
265983,2
936730,4
1341646,4
351945,3
1269031,4
407478,4
672861,3
802742,5
243204,3
1561704,3
561539,4
238019,5
548844,3
358347,4
842015,4
149826,5
763788,3
1028808,4
2385,4
1483446,5
1004839,4
1568918,5
765235,4
672321,5
1064452,4
1671286,4
1096093,2
720102,3
494732,5
1429619,5
936225,5
412520,4
1003436,5
1266962,3
806230,4
807814,4
382694,4
1060581,4
37906,4
1080972,5
1357933,5
342091,4
1691293,3
149929,5
712267,5
1029370,4
568862,4
1273886,5
1503858,4
688820,5
1322221,5
291951,4
1586532,5
4194,5
1003607,4
1534933,1
1108132,5
1374096,5
1347455,4
727483,3
274961,4
386188,5
1313332,1
971628,5
1580295,3
1291393,5
846471,5
775047,4
960763,4
184139,4
1297439,4
1537294,5
303014,5
875295,5
1316945,4
1231626,4
859802,3
1009532,5
982780,5
935991,3
931863,4
636068,2
849396,3
1414667,4
1247639,5
242643,4
33126,4
1004472,4
613575,3
187322,4
279506,5
1300087,5
39568,5
811939,5
735920,5
824693,4
201220,5
1177655,5
301709,3
59959,5
335751,4
1386072,4
999247,4
1410840,4
204626,5
560024,4
88286,4
1029122,4
511929,5
597980,5
538591,5
1436316,4
1694868,4
1454736,5
1020124,5
952052,4
893195,3
568727,5
100852,4
433297,4
1440132,3
327352,4
904137,4
420575,4
913974,4
890661,4
817209,4
572919,5
207288,4
1444717,5
1520189,4
270805,4
1178154,5
54750,5
1191652,4
567591,3
1031225,4
857238,4
766999,5
159205,3
178278,4
985744,2
1007619,3
1291343,3
1440754,4
1432284,4
713219,4
905725,5
1674828,5
346850,5
1412387,4
1142603,4
1348895,4
1218521,5
633145,5
1536616,3
1296691,5
973622,4
738298,4
802771,5
561108,5
983741,4
124069,4
255844,4
86039,3
556213,4
1293660,3
1550955,2
248443,4
576267,4
1037624,4
101060,4
922288,5
1127160,5
919672,5
616650,3
147164,4
372811,5
949330,4
1183900,2
284952,5
1573443,4
1176155,4
717961,4
1286117,5
1071297,5
1465106,3
1428206,4
1672849,5
324458,5
800469,2
1306980,4
981023,3
1223728,3
1286467,4
455421,4
443075,5
844412,2
771139,3
730003,4
1544121,3
181464,4
437205,4
1396676,4
346398,5
90851,2
734199,3
419821,5
1543669,4
1288040,5
1510564,4
448002,5
1518354,4
1175377,5
982784,4
59445,4
188757,4
1141553,5
1471041,3
1685060,4
948449,2
712672,4
1320161,5
761193,4
363364,3
810555,5
354705,5
124193,5
1009698,4
943864,3
1262042,3
1471215,3
841495,5
320130,4
429555,5
1148221,4
234961,5
797528,3
717869,4
1517830,5
298324,5
1339768,5
209806,4
471681,4
1050473,5
1220875,2
1012506,3
682577,5
720821,3
349412,3
1005919,4
1645510,4
205879,5
654404,4
1226316,3
872588,4
100023,5
1559745,5
408200,5
254046,4
1503641,3
1474849,5
1604215,1
732878,5
381925,4
212464,4
532505,4
1185385,5
886068,5
792059,5
1101142,4
1368042,5
559385,5
62995,5
1147697,4
1077573,5
1093804,5
822523,5
242632,4
805665,4
497715,5
627393,4
711428,5
1559901,3
531703,4
285216,2
744688,4
161149,4
565556,4
637294,5
1027571,4
1311529,4
921326,4
738411,5
372690,4
513172,5
1461385,4
1354341,5
1328359,4
3920,5
964658,5
1164723,5
540960,4
1015450,4
105483,4
399824,4
1023627,2
96563,4
536551,5
1321508,5
354908,2
1138375,5
266891,5
941902,5
264350,4
157451,5
317752,4
669313,5
1067519,5
152290,4
5971,5
734468,5
592268,5
1087418,5
813159,4
982416,5
226116,5
1490051,3
715775,3
760069,5
1611033,4
296465,4
1001113,2
1226447,4
763116,5
1281874,4
710449,4
655670,5
1279441,5
138971,5
1204844,4
216367,4
1322495,5
1562683,5
1215585,5
1180715,4
1133340,4
379997,4
1539285,4
893054,4
1614606,4
120209,4
423698,5
247296,5
1484863,3
945367,5
258433,5
461381,4
350528,4
1210620,4
497884,5
221815,5
1518430,4
183506,4
1296030,5
607946,3
1046413,5
853096,3
1043738,4
1522563,5
546029,3
710264,1
1265676,3
1452935,4
556793,4
147314,4
660387,4
355287,5
415864,3
211593,4
1284704,5
1548098,3
1254602,5
532462,4
940585,5
18146,5
533116,5
1689119,4
607919,4
1340969,4
517289,5
493042,4
122609,3
21836,5
1678823,3
770806,3
205382,4
229956,5
688523,4
191327,4
1451242,3
1169335,5
346155,5
1220563,4
1167378,4
223019,3
221213,5
1296203,5
284785,5
1275081,2
240410,4
110347,5
1164165,3
1261797,4
1149351,4
643253,4
123661,4
898557,4
1123032,5
434563,4
142551,5
104231,4
510232,5
300718,4
1268699,5
445284,4
234062,5
1441578,5
312967,3
1267520,2
1463693,3
1677847,4
143782,4
939099,4
776793,5
1412996,5
263261,4
85384,2
132492,4
265701,4
1525772,4
1271296,4
531323,3
1486801,4
779508,4
156100,4
945559,5
208125,5
675342,5
922823,4
1522070,5
423760,5
1311695,4
558185,4
111732,4
901314,4
1339566,2
1241977,4
71391,3
170312,3
1000354,4
961032,4
635643,4
1548753,4
208482,2
634507,4
583242,5
1676668,4
1626819,3
473258,5
1191080,4
1693117,2
1469208,4
989207,5
1193492,3
1646309,4
158626,5
1493965,4
1313738,3
100873,4
904247,4
146516,2
98025,2
1304679,5
1317081,5
1565984,4
1121370,5
307830,4
957034,5
1501151,5
844933,4
1304405,5
119572,3
1665186,4
1294739,5
881047,4
779732,5
1512399,4
1039265,5
391435,5
355931,4
1475617,4
694297,5
960210,4
32589,5
1613645,5
972608,5
747293,4
304301,5
560335,4
207022,4
1561526,4
624346,1
1043786,4
328968,4
313687,4
801384,2
126434,5
413020,4
930959,5
863835,5
1368923,5
332637,4
1289508,4
1441662,4
752981,4
899707,4
941467,4
401367,5
80286,2
1013556,4
403365,5
146788,5
724344,4
586789,2
500617,5
58748,4
688475,2
90520,4
1346263,4
1034651,4
801737,3
177654,5
623938,5
818931,5
1142967,2
1594269,5
1229185,5
1539076,4
1548545,5
1506326,4
1118431,5
294583,4
1448662,4
791930,3
1305170,3
1330679,4
774282,5
802225,3
1519011,4
1101518,4
1445293,3
998624,5
1081417,4
635819,5
862639,5
314723,5
1643318,5
481546,5
992379,5
897591,5
421023,2
427931,5
1409812,5
1455039,5
323098,2
924454,5
1201143,3
1136461,4
543423,3
255531,5
1215882,3
583601,4
690436,4
681141,5
88161,5
862100,5
1374276,3
1333213,4
318780,5
1493080,5
491903,4
518377,5
1467372,4
1348760,4
96038,4
1399377,4
313029,4
1345032,3
400837,5
580678,4
853841,4
433288,3
472033,2
1391296,4
517823,2
435487,5
299563,5
1452523,4
843516,5
1477368,3
1341928,5
1177192,5
1125966,4
1179249,5
197109,5
1680463,5
920668,5
986056,5
838383,5
418798,3
254036,5
695876,5
374167,5
1441492,4
772460,4
1099265,5
421246,5
1479076,4
755482,3
1045577,3
147883,5
1563468,4
1589325,4
976026,5
760768,4
898203,2
575286,4
990418,5
413022,3
307319,3
194465,5
375269,3
514941,2
1667083,4
1078320,5
97578,4
589221,2
6773,3
430313,5
1121684,4
1598166,5
864366,4
1302708,5
897057,4
137831,5
275990,4
1343675,5
1617300,4
1262997,5
983581,4
663849,5
430269,4
404107,5
1312388,5
853862,5
1525083,4
1501948,4
430677,5
550068,5
681051,4
1393398,4
2600,4
932059,5
1312410,5
1058065,5
1278873,5
984704,3
1108742,3
1138600,2
1292996,4
534045,3
1530195,5
406656,5
863897,5
1540263,5
710591,5
672192,4
856929,5
681759,5
51244,4
618189,5
501780,2
1497051,2
1627258,4
1288858,5
1090397,4
1076200,5
159815,5
366485,4
93998,2
1191972,4
895794,4
176070,4
1411677,3
568313,4
70185,5
1417157,4
1632596,4
979147,5
1018401,5
161566,5
757756,5
78107,4
603495,4
698360,5
64546,4
1141104,5
839168,3
1157843,4
151136,3
1545091,5
856022,4
95707,5
25852,4
899031,5
694037,4
59593,4
864620,5
336914,4
510673,4
1190490,2
281161,5
1408650,4
1119395,2
528200,5
1492112,5
1629647,4
1274082,3
512560,3
299129,5
792934,3
1257476,3
620623,5
184785,3
1305528,4
1354553,4
1470852,4
923019,5
1670990,5
1534272,5
1015217,2
722040,5
923082,4
892944,4
698503,5
389672,5
1676830,4
520175,5
451849,4
1467075,3
743685,5
1031255,4
1223971,2
1431338,4
999900,4
1487316,4
1222546,4
632803,4
1238641,4
657233,4
1082696,3
949835,4
140195,5
515326,3
1198698,5
395837,4
1427303,4
547464,5
779973,3
1124609,3
734712,4
1657184,5
1364289,5
1592582,4
454915,3
44852,4
807714,4
1133426,5
1695438,2
1695553,5
870892,4
724330,4
848722,3
1107373,4
1071949,4
172858,3
291097,5
98604,5
1656181,2
559264,4
1505839,3
1608712,4
1299124,5
1285069,2
841706,3
577654,4
1007418,5
234811,5
176194,4
163102,5
787389,4
1547959,5
720542,5
1404331,5
978497,3
201624,4
1037328,4
930434,5
1175345,5
689810,4
697317,4
454149,3
1073346,5
661249,4
360347,4
736671,5
1430014,3
941646,3
1246581,3
625325,4
939711,4
100101,4
1479795,4
730386,4
1196134,3
933658,5
870152,3
1263531,4
71129,3
56754,4
1180339,4
1347485,5
1438032,5
343019,4
106324,4
1507223,5
250068,4
1484745,5
801846,5
848899,5
225319,4
989909,5
460384,4
354687,3
1192515,4
863322,4
1226560,5
206507,4
163735,3
1010470,5
401893,3
490033,4
528884,5
184471,5
1456638,3
1644044,4
1275794,5
488973,4
1370883,5
57191,5
283100,5
253972,5
1388355,5
68153,5
1057743,5
1483382,3
1649638,4
932083,5
122273,3
1689442,4
1272052,4
1299228,4
18474,5
612664,4
1696539,4
1162028,3
666627,4
1073655,5
524484,5
1483095,5
561905,4
1520948,5
1232825,4
1070300,4
1603046,5
1648421,4
758129,4
972973,5
1215675,3
287091,3
409335,5
173766,4
725865,4
1258044,4
1509251,4
510170,4
418235,5
786935,5
751054,5
984280,4
605813,4
165958,5
1019478,3
406871,5
887379,5
559747,4
1338213,4
764889,4
127563,5
387254,4
1697410,3
1398376,4
262113,4
903565,5
854011,4
908579,5
1327441,4
1026090,4
477079,5
927089,4
225933,5
24751,5
1549105,3
1233597,2
707974,3
1521823,5
548553,5
511470,4
208286,4
605801,3
1122362,3
735342,4
1278525,4
1583089,5
1257722,5
1483049,4
825692,5
192696,3
621611,5
904663,5
70114,3
1142413,4
1564821,3
1438934,5
1102333,4
124783,4
675653,5
535483,4
1297524,4
1537762,4
1325352,5
1638030,4
1399187,5
712146,5
214603,4
213141,3
43971,4
493287,4
334187,2
1611141,5
226290,5
1279455,2
1677336,3
1629031,5
402645,5
336,5
1434312,4
23961,4
53036,4
774899,4
1259878,5
987525,3
1134202,4
323503,5
386730,4
1537633,5
985818,4
1045146,4
1636851,5
806175,2
167711,5
131111,2
924453,5
1605600,4
717698,4
1174617,5
1011530,3
1027036,4
1409394,5
721517,4
188303,2
1226510,3
498163,5
1679505,1
1442532,4
1074410,5
1053902,1
1574121,5
331168,3
1668290,4
1311545,5
1018362,4
1389261,4
333630,5
496656,3
1449695,5
1005293,3
889027,4
121429,4
1399553,5
261912,4
259603,5
675409,3
962081,4
896891,4
1066186,4
1608414,4
748154,5
525434,5
1399288,4
47503,3
876265,4
724472,4
387652,4
507004,4
204039,5
659276,5
1504791,5
784762,3
734902,5
1398590,5
795275,3
771823,5
120924,4
1609812,4
721570,4
1601259,4
163110,5
433200,5
253201,5
20767,4
520009,3
388564,4
1448413,3
1405653,5
82553,5
552932,4
1586851,4
715690,2
860227,4
132555,5
31027,4
874595,4
1619194,4
509367,4
1497573,5
928863,3
1259800,3
948043,4
199263,5
1352239,4
1146530,4
64261,5
890565,1
209927,4
1060187,5
973389,4
687096,5
532918,3
1348665,4
1458071,5
1434140,5
624630,4
680055,5
1161771,5
615340,5
1409954,5
311098,5
106800,3
540861,4
710041,4
366879,5
336448,5
1339369,4
369376,2
1567603,5
519845,5
515742,5
965992,3
1655072,3
6614,4
912245,4
796904,4
1603072,4
1435107,3
1567934,4
275941,5
370839,5
766541,4
455418,3
1062118,3
1613455,5
950638,4
126931,4
1537075,5
1120285,3
1008020,4
1203356,5
1356531,4
187876,4
233170,3
1233951,4
1058345,4
611610,2
1301292,4
396206,4
103001,3
1205427,4
263109,4
1113819,4
1132320,4
707969,3
565689,4
464323,5
1661950,5
630653,3
1060528,3
928522,3
851360,4
1031390,4
336796,4
151325,4
1533500,3
950289,4
214968,4
23146,5
413272,5
1220929,5
815114,4
1389440,4
742615,4
465474,3
1166614,5
181544,5
1347828,5
388028,3
1299737,3
1475799,4
298932,5
1374541,4
1213290,5
133201,4
1666641,3
311603,5
1180413,4
632725,2
1520956,4
1289057,5
1421084,4
1531729,5
1338176,4
861143,4
1642521,4
78117,5
301226,3
913193,3
1201217,4
1233212,3
383031,4
663610,2
265200,3
1592274,3
617980,3
54497,4
1189824,3
180232,5
602396,3
48395,5
1292676,5
668581,5
1021477,2
541468,4
1211174,5
1196305,4
424109,4
494329,3
1201435,4
215095,5
1117794,4
1647919,4
424899,4
927450,4
1040770,5
893242,5
398241,5
894388,5
1515266,4
480137,4
1564698,3
1041656,4
1355065,5
862446,3
1148972,5
558374,5
1636988,2
517298,5
388248,4
1409243,5
734222,4
39458,4
225870,4
438445,4
1058175,4
1329210,5
1607824,5
932250,5
1633948,4
811854,4
239573,5
479477,5
881193,5
1227934,3
1497147,4
594487,5
208509,4
20507,5
1493209,5
1369235,5
427289,5
1668126,3
748179,4
331372,3
532429,4
254936,2
649285,3
441631,4
820276,5
218365,5
1051187,5
855224,5
1460838,5
1133367,4
959987,4
673199,5
1337035,2
1054272,4
367584,4
1404920,2
1011175,4
285567,5
881037,4
901627,3
1695136,4
1371990,2
1325974,5
271474,3
197380,4
21411,5
39176,5
784184,4
678198,4
94508,5
1114114,3
648553,5
836893,4
238810,4
1298467,3
1279735,5
784755,5
488999,5
293883,4
1023256,1
372803,5
662164,5
901916,4
856946,3
1135259,4
1170464,5
173297,5
272935,5
607648,5
202533,5
1511468,5
1673073,2
1445707,4
960698,4
640065,3
382711,4
1059781,4
1597668,4
1079429,3
713510,5
844466,4
179883,5
1492000,5
691726,4
845808,3
1653141,4
243712,5
1027542,4
989817,5
686527,4
135056,1
464955,3
433518,5
1265224,5
1628549,5
168388,5
939997,5
1087708,4
866747,4
510789,4
1307213,4
1486513,5
499937,5
1566296,5
1010009,3
1195436,2
1443461,5
1555757,4
1164472,4
827557,4
139862,4
323217,5
755789,3
1586730,5
523428,5
1593239,4
1463357,4
308617,5
254317,5
143252,5
73097,4
370530,1
208929,5
1142890,2
1539067,5
1126154,5
118830,5
121880,4
14029,4
872452,5
334336,5
582498,3
1163331,5
722855,5
601967,5
1156488,4
283569,4
1682592,4
360416,4
516344,5
1537970,5
784177,5
1099505,5
1128196,2
384150,4
57209,5
1408329,4
648281,3
892924,5
802517,5
63688,3
574668,5
1491193,3
899040,4
1692949,4
30816,2
931468,5
1563612,5
551562,4
707995,2
172658,5
1192900,4
1562300,3
507263,4
1404358,5
188304,3
1029092,5
498176,4
1637089,4
1632819,3
1635435,3
923400,5
1070350,4
428878,5
1260322,5
539197,4
108337,4
1048619,5
1281299,4
673739,5
836970,5
1568820,3
541813,5
396946,5
142217,5
740362,4
1500373,5
576034,3
316908,4
301006,5
484070,5
404911,3
148441,4
643257,5
687183,2
1448187,3
663753,4
674073,2
484289,5
1032425,4
715072,3
583340,5
1211030,5
1528688,4
1570430,4
1249025,4
1677942,4
87380,5
583673,3
448936,5
1176370,4
926248,5
179393,5
1423748,4
459371,5
1131396,4
902827,5
1317397,5
411093,5
1568299,4
137988,5
1028733,2
453053,1
255260,4
397974,4
594039,5
1266206,4
1536038,4
7631,4
342211,4
76176,4
809051,4
555538,3
801532,4
1628536,4
1427940,5
13905,5
500656,5
1256785,3
821812,4
1291313,4
309102,4
1111939,4
1361403,5
1397656,3
1188967,4
546451,5
757567,5
631285,4
1632035,4
387775,4
1371553,4
1620397,5
30649,5
175664,4
700714,5
79155,4
77047,4
1694760,4
67376,5
726914,3
978901,5
882160,3
876982,4
1590647,3
666243,4
832021,5
1477358,4
1505211,4
562397,4
125803,4
1625944,5
1115650,5
600830,5
677551,2
396931,4
595887,2
832772,5
1117446,5
1179366,3
936424,4
121962,4
1618716,4
1532216,4
282099,4
705879,5
100672,4
1247895,4
113561,5
145845,4
888230,5
1135344,5
1617641,5
49472,4
772019,4
737476,4
709603,4
809439,4
1242652,4
560477,5
1483263,4
975094,3
857221,4
1179738,2
214453,5
832725,5
270422,4
986218,4
1428265,5
1195782,4
132953,3
1141933,4
1432653,4
975501,4
790226,2
671673,4
208297,5
395102,5
78160,5
953793,3
587952,4
1413106,3
791241,4
30532,3
664399,3
1662790,4
812199,4
1232062,5
1327486,5
1290729,4
1420821,5
545869,2
1462350,4
206019,4
249696,5
1316975,4
1391964,5
975727,4
1314863,4
1111364,5
1393496,3
1238940,4
1298843,5
987860,4
844217,5
544780,4
1543780,4
1631251,4
400905,4
248398,3
585371,4
1454412,3
1061926,5
715035,5
663649,3
441419,4
557841,4
169528,4
176106,5
401631,5
852670,4
1543302,3
608524,4
690754,3
444856,5
39064,1
699908,5
875683,5
1192943,5
1514949,4
1621534,5
699454,3
21671,4
212135,4
614606,5
415145,4
403511,4
261178,5
529941,3
1689686,5
1693018,4
1149646,4
657460,3
283315,5
425152,4
370871,4
682906,3
1267490,5
789509,5
1464333,3
57510,2
298572,5
1441036,4
959811,5
1149302,4
168985,4
756508,5
48579,4
1128787,4
529709,2
1079231,3
971391,5
1640823,5
1366530,4
155264,5
1535952,5
1499883,5
550515,3
1607996,5
971874,4
1012716,4
649822,4
439090,5
1021005,5
1513895,4
1663787,4
1660796,4
294215,5
1470040,4
318600,5
382596,5
157864,4
1001537,3
1050533,4
186269,5
785684,4
518957,5
798651,3
1032530,4
105646,4
1292506,4
328350,4
572080,4
774221,4
562561,5
645431,4
35653,4
794914,4
36692,5
342395,5
453502,5
349937,5
718714,4
967641,4
653281,4
165173,5
766240,5
1583044,5
789550,4
49668,5
1338648,2
1332794,4
184422,5
801778,4
674235,3
865577,4
1016676,5
1478143,2
858092,5
798854,4
728153,5
90641,5
1209728,5
99980,4
165886,5
1489214,4
1432978,5
651750,5
210928,5
68361,4
988263,3
1076515,3
995134,3
583223,5
887124,5
790088,4
599796,5
79127,4
822642,5
897903,5
535785,3
1226931,5
66657,4
672931,4
1046481,4
81833,3
1555626,5
1530082,4
964250,4
958425,5
1027670,4
554443,2
1457805,4
1327099,5
1588989,4
1585590,4
1692211,5
1595727,4
545414,4
969070,4
328454,4
1358367,2
1605055,3
1569911,2
807516,4
832958,5
1049810,5
816176,1
1413069,4
1472112,5
255861,3
261811,4
1417317,5
1318461,4
1241728,4
1291324,4
1509865,2
1414982,5
1188467,5
811814,3
200288,3
725040,5
530462,4
1062704,3
1420596,5
937972,3
135740,4
1238086,4
453392,4
1326922,3
1635464,4
1390762,5
1016016,5
395233,3
120126,4
1456990,4
624522,5
1432089,5
821429,5
213202,5
1684844,4
986770,3
403831,4
885674,4
25023,3
1195268,4
114981,4
771182,1
1248923,4
581420,5
690063,4
1264694,5
1595733,5
1573033,4
921175,3
1004403,4
919328,4
995520,5
809844,4
432007,5
298682,1
1528165,5
737117,5
1665167,4
1185110,5
988720,3
1223567,3
361793,4
733354,4
626069,2
855585,2
68593,3
947281,4
1012281,2
901168,4
567915,5
370671,5
367201,4
94840,5
871112,4
1232218,4
1089953,4
855258,4
319324,4
1247619,3
1423215,4
1517053,3
851359,4
452260,5
335713,4
324451,3
1570236,5
1379482,3
848080,2
318392,5
612466,4
1080974,3
1351913,5
956791,5
700677,4
1560843,4
770472,5
1431917,4
1636708,4
143738,5
979095,5
269751,4
1675611,3
1363293,4
1124262,4
1044442,4
402691,5
516212,3
89981,5
469882,4
245486,5
97589,4
959535,5
669442,4
958306,5
1178982,4
1469482,4
1470034,3
1438791,4
321998,5
1349722,4
1635673,5
396961,4
1588716,5
1483960,5
479421,5
922234,5
652963,4
1022016,3
633390,4
613010,4
809961,4
1289357,4
1649804,5
277419,4
101709,4
1261640,4
232703,3
460903,3
1582843,5
1190237,4
187700,3
1683358,4
39324,4
672825,4
1456526,4
618540,4
1405274,4
800300,4
751143,4
537487,3
1429977,4
414160,5
1670545,2
1283371,2
74142,4
654472,3
785824,4
27304,5
1396880,5
1595108,5
890411,5
306526,5
692846,5
11586,5
842909,4
1311584,5
1453047,4
256764,5
1370485,4
197780,4
1632769,4
1459908,3
222585,4
367700,4
345488,5
550123,3
1127914,5
629079,4
255439,5
1423892,3
1231348,4
1283736,5
712436,4
259008,5
1127661,3
813105,5
449627,5
1577255,5
1217294,4
408701,4
1145375,3
1540917,5
1323029,5
810506,5
1449368,5
1476353,2
6088,5
287013,3
56870,5
1032401,4
586661,5
1608011,5
111048,3
954873,5
671785,4
1675378,5
1606318,3
1171628,4
883706,2
721086,5
1221656,5
179163,5
1487346,3
1463581,4
1045866,4
1061670,4
1337331,5
746734,5
1000166,4
747204,3
1692291,5
749597,5
1253763,5
1189585,4
1174803,4
834225,3
690348,5
226872,4
607708,3
1662530,4
1261763,4
1575235,5
872586,2
881008,5
848342,5
317749,4
1006295,4
1051600,4
1448621,3
516952,5
2573,5
576760,5
1296815,3
1522673,5
1562906,4
553222,4
457869,5
286049,3
1458587,5
225023,4
96958,4
182797,5
398905,4
540200,5
58064,4
1542225,4
806979,5
908607,4
1267451,5
611489,4
664537,5
568796,4
1163119,5
304264,5
1179544,5
1615766,5
1594963,5
1024453,4
1538019,4
1460631,4
1104321,4
272147,4
1063398,4
366958,3
47145,5
1621620,4
193943,5
930597,5
1319993,3
582808,4
1229631,4
1355172,4
1024951,4
544546,5
945039,4
814733,4
1568343,4
557868,5
153459,4
1561185,5
1413477,5
1400934,4
1306057,3
1031880,5
1370075,4
342204,4
1580863,4
291373,4
809334,5
1409813,4
884290,4
77761,3
408684,5
897963,3
198006,4
672732,5
768288,4
66065,5
274504,3
521775,5
1685602,5
236989,3
1445077,5
806715,4
368675,5
97250,4
1335188,1
1609514,4
979110,4
62230,4
1260348,4
1205042,4
1119410,4
1463780,4
882670,4
969771,3
356886,4
942509,5
1043940,4
423059,5
1183452,5
1075911,4
494630,5
287010,4
1450735,4
541732,4
43209,4
272513,5
1005408,3
638381,4
1025942,4
1271189,5
873789,5
1244502,4
1629106,1
1153311,5
14983,4
1259451,2
424239,4
445136,5
1336967,5
1616732,3
915357,3
1381786,4
421029,5
757578,2
653121,4
776212,4
1142953,4
1691543,2
342390,4
1097607,3
391442,4
402924,5
1017621,3
292302,4
812274,5
186169,4
341759,3
729138,4
1312952,5
1511089,4
1288965,5
1085245,5
382517,5
212533,4
193963,5
1266451,5
1667731,4
977319,4
691744,5
1023827,3
886656,4
963012,3
683355,4
1488460,4
1265507,5
763947,3
70655,4
707173,3
1381966,4
1565895,2
866468,4
1476706,4
1220704,4
1640247,5
1083463,4
1442339,4
1022195,2
1288604,2
1655112,3
1639812,5
543586,3
1003943,5
1574151,4
348548,5
106242,4
1614318,5
12532,2
866646,4
1166637,4
1093281,5
1022337,5
1156771,4
633593,4
871736,3
1384034,5
236252,5
1234644,4
491656,5
562178,5
153212,5
1386530,5
1404976,4
564522,3
323122,5
1392182,5
1683097,5
1422538,4
205774,5
1329093,4
472111,4
1085533,5
1184971,3
1442293,5
881622,4
694309,3
353624,1
7426,5
1598728,4
200159,5
1178087,3
566132,4
96079,5
754324,4
1129358,5
960494,4
56418,5
18426,4
603155,5
902994,5
592074,5
638456,4
492175,5
178151,4
391208,5
1515854,3
249004,4
1204239,3
345704,5
1077542,5
786400,5
995062,4
1052342,3
1407133,5
760346,4
458841,2
64700,4
112594,5
212737,4
392866,3
1693918,5
603872,5
198639,4
742271,4
662371,4
1239119,4
598055,5
781258,4
1112035,3
893458,5
979905,5
1059649,5
368017,5
127825,1
1388605,5
1640889,4
1097013,4
147274,5
796226,5
1381023,1
425657,4
726942,5
826193,3
765523,5
794737,4
1681708,4
239993,5
724082,5
469014,4
154447,5
1176477,5
1645855,4
990828,4
1565553,3
590990,4
462804,4
874048,4
1237396,4
766439,5
522894,3
676425,4
1192609,4
175897,5
1479801,3
934315,3
1494065,5
1621333,3
1029508,4
1635469,3
1387887,5
777875,2
783021,3
283225,4
505686,5
1450942,5
934553,4
1345783,4
892628,5
1618453,4
838934,4
444199,3
128125,3
688907,4
60392,4
1610839,4
1615918,4
962739,3
1130332,5
686493,3
841720,5
616086,4
42222,4
73023,5
310962,5
386249,5
1330158,4
852268,3
77888,4
1146431,3
251102,5
1664717,5
1177421,4
258856,3
763734,2
678778,5
1427146,4
1637522,4
27458,3
276141,5
426283,4
1075884,3
34623,5
1168618,5
87257,5
1355924,2
1016025,5
1545912,4
1495300,4
824602,5
714975,4
1070329,4
1569182,4
840289,4
1661075,4
376883,4
692299,4
1577162,5
254324,5
69136,2
146044,5
543847,4
184942,4
1476608,3
1582955,4
1151643,3
983377,2
544822,5
1073344,4
60734,4
1343347,4
288528,5
1164119,4
1297007,5
363437,5
899299,4
1103451,4
322429,4
295553,4
1342689,3
1328785,5
1536779,2
984977,3
151757,2
462652,4
1072398,5
981098,5
564676,4
427678,4
816027,4
1451542,5
1181109,5
567754,4
710319,5
36235,4
835643,5
1123429,5
1607694,5
20109,2
1255911,3
1145456,3
529329,4
878409,4
91093,5
789690,5
330663,5
355812,5
491886,3
266804,4
1062640,3
1026101,5
1445911,5
583478,3
1146560,4
176990,4
633809,4
1367199,4
1047667,3
285126,4
1329683,3
309344,5
1032780,4
474404,5
1653274,5
241157,4
870207,3
110701,5
1533175,2
1261405,5
2784,4
1535091,4
727289,4
11784,5
200048,5
896423,4
536316,3
774771,4
2488,5
252742,4
274073,4
1540361,5
1624179,3
734587,4
1004215,5
596024,5
876872,4
629647,1
893217,5
1571879,3
857731,5
828931,5
1165121,5
1143167,4
1340724,1
976159,4
1289391,2
1219429,4
921838,5
1670301,5
1670065,5
1201267,5
186208,4
477732,4
644077,5
1620860,3
388531,3
977005,4
297097,3
493365,4
130335,5
601900,5
619556,3
127345,5
705377,4
280443,4
1113801,4
729435,4
725476,5
1002543,3
1412992,4
1605000,2
1265069,4
511749,5
267508,3
398313,4
1497626,5
589165,4
1180764,5
730484,5
469450,2
675386,4
1074070,4
155323,4
291327,4
856385,5
599204,2
98685,5
322158,5
389616,4
1338224,4
1044766,5
644880,3
424271,4
246166,5
733893,4
1315236,5
514353,4
1377112,4
1192826,5
1515838,3
128552,5
74241,5
1161904,3
218738,4
1429235,4
1364279,4
226820,5
793611,2
889039,5
1459552,4
28167,4
172167,5
1299759,5
1047747,5
1015071,4
962766,4
7926,5
28766,4
1470011,3
1195259,3
195566,4
1529194,5
1407788,4
1666400,4
254518,4
1526829,5
1033982,4
1404884,5
810085,5
1212602,4
450766,4
1464554,3
117625,4
1688959,5
646521,5
1035531,4
790782,4
216490,5
1243311,5
371681,5
120245,4
1207738,4
1139127,5
1574455,5
717313,5
23223,3
1323847,1
255624,5
1301405,4
1026196,3
1238708,5
28372,5
1696898,4
374567,3
935741,4
398860,5
363574,4
987317,5
405399,3
585646,5
689800,4
1656963,5
1185389,4
886652,2
463742,5
1184851,4
908197,4
1616309,4
1015827,5
1380081,5
1270707,3
336648,5
357313,4
480854,4
615440,3
598105,4
414975,4
619000,4
1098578,5
769324,5
1034539,4
955230,3
57655,5
1564353,4
853613,5
336932,5
620867,5
1285779,5
1237518,5
1094693,5
258653,4
372046,4
910645,5
268496,5
1168802,5
41671,5
790549,5
226508,5
154891,5
1656651,4
506752,3
1283234,5
282269,3
765464,5
304128,4
1472782,5
358910,3
636303,4
1004745,4
336742,4
1634092,5
579674,3
1618285,4
1049488,4
529227,4
1072567,4
566256,5
1518420,4
630873,4
113282,4
125799,3
578277,5
1422607,5
1523259,4
461513,3
664786,5
25383,1
1241988,3
1673278,5
1172365,5
1129530,4
802973,5
973058,5
977966,5
1358495,4
1314716,5
737498,5
1016838,3
136289,5
1371557,4
1097307,5
720080,5
507755,3
1273009,5
1187606,4
1304902,3
1678448,3
1270075,5
1496595,4
906015,4
709329,5
31638,4
569119,4
1681086,3
1321076,4
21097,4
887437,4
1326649,5
475252,4
492515,5
1582817,5
291033,4
333743,5
74216,4
147687,4
712584,5
1521732,5
1175494,4
1556504,4
423740,4
1009191,3
1390715,4
753864,1
206109,4
1491443,4
1429423,5
656807,4
1564739,5
1515751,5
916663,4
1182652,5
621332,4
1546871,4
47458,5
785449,4
1491504,4
1108236,5
24455,5
587355,3
317688,5
826770,4
855761,4
75885,2
1338498,5
747170,5
1373089,4
711302,5
1533504,5
428413,5
1285866,4
353586,5
1490566,3
150004,5
1477013,4
730649,5
1273673,4
423089,5
399847,5
69338,5
405430,4
1421723,5
950431,3
912403,5
1158171,4
10020,5
1494322,4
118367,4
1084833,4
6223,5
1680533,5
806787,3
829642,4
295433,5
207232,2
1224810,5
899042,4
1148779,4
1376248,3
114218,5
879584,5
642642,2
1232043,4
1670096,5
967021,5
731786,5
870466,4
2916,4
126517,5
40508,4
15684,4
1444978,4
1594554,4
687846,5
901396,5
526758,1
984517,4
601751,2
444073,4
987959,4
363989,5
1328497,5
1485983,4
1139631,4
401394,5
47286,4
1194953,4
1152549,5
568251,3
1114855,4
1583548,5
1056291,4
520563,5
1206833,4
1140980,4
1667221,5
243891,3
1470688,4
1506845,5
469870,4
1482202,4
1078588,4
240921,5
389501,4
1307372,4
244920,3
1289347,3
360445,4
646608,5
578590,5
668844,4
1324765,4
1321825,4
1198147,4
505242,4
112275,5
440544,5
1176262,4
1416645,4
171857,5
346675,4
554042,1
59163,4
265486,3
1572724,4
407279,4
570115,4
776098,5
1628080,5
845218,4
283602,5
126786,4
845466,5
338550,4
857419,3
1466283,3
1203148,1
139346,3
110971,3
133472,5
460739,3
817442,5
249122,3
1437201,3
471783,5
912447,5
291174,4
123162,5
25982,5
227711,5
238488,4
1033814,4
297939,4
1132702,4
630633,4
66302,5
1033853,4
1416953,4
312631,4
184900,5
22925,5
932760,5
1620739,4
660447,3
1179817,4
800580,4
985968,4
762046,5
728778,3
14177,3
852252,3
1527462,4
595948,4
1384351,2
320922,2
304038,4
533429,5
1219400,4
190593,4
1428494,5
341580,4
1089474,4
1129955,3
445557,4
1379239,4
7341,5
1316185,4
1479238,3
1113615,4
476779,3
143397,5
1272800,5
616483,5
626163,5
172595,5
413031,3
1415113,2
1320254,3
330423,4
719960,4
489847,4
120559,4
1106879,4
627676,5
78675,3
525076,4
1431038,2
227889,5
1408295,5
1507923,4
903617,5
622937,3
343449,5
312341,5
118591,4
1645052,4
188069,5
1569305,4
1260444,4
223502,4
347692,4
1422937,5
695407,4
740761,4
1073988,2
1540899,4
848579,3
1189796,4
678366,3
390146,4
950426,4
11581,5
1480502,4
1290946,4
712896,2
116980,5
382860,4
1623723,5
1648234,5
916056,4
622024,4
1038798,3
429876,2
181025,4
908177,4
1314505,5
239004,5
619884,3
54167,5
808045,2
304851,5
1006300,3
645109,3
495158,4
735044,4
321777,5
1681118,4
1541262,4
506575,4
190145,3
103924,4
1411321,3
814590,4
440357,5
1242876,4
959495,5
514775,4
1561459,4
1273997,4
392986,4
547853,3
770804,4
1208047,4
611280,2
1171367,4
1696338,3
893835,4
606353,4
844766,4
1181570,4
429214,4
1445482,5
282657,3
915674,5
518591,5
1688810,5
1043200,3
291118,5
1424133,4
699934,5
1427487,4
1468592,5
1467257,5
176639,4
527587,3
51145,4
1200141,5
236367,5
1182746,4
87089,5
1068242,5
132019,5
977046,4
616670,3
759238,4
562197,5
799100,3
1438709,5
1036790,5
1466822,4
1030604,4
538014,3
1694206,4
89593,5
116147,2
884078,5
351991,4
435821,4
522478,4
1567725,4
75812,1
1370960,5
1573468,5
74329,4
1040583,3
549176,4
188592,3
764056,5
526076,4
924652,3
118201,2
852345,4
569381,4
1450541,4
1356401,4
1572227,4
1197051,3
967949,4
1573426,4
432015,5
1618434,3
750844,5
1040558,3
843895,5
1676090,5
477568,5
1422869,5
896907,4
1350350,5
1220762,5
1348379,4
8547,5
1059082,5
254433,5
396314,3
544469,4
367580,4
1251519,4
814346,4
419165,4
916904,3
871506,5
605843,4
616802,5
101995,4
947222,4
1358591,4
332838,5
905986,4
1055006,4
1667564,5
245832,4
374739,5
717056,4
1409164,4
1240171,3
467210,4
1347730,4
80809,4
509763,3
84835,4
650397,4
8504,5
1413391,4
985869,5
111229,4
105092,4
1172202,5
1293338,5
492109,5
384151,4
908582,5
1207185,5
744879,5
20775,5
1372827,4
527869,2
929647,4
1315063,4
243960,4
1471725,4
1301220,3
488491,5
986135,5
1116993,4
1324795,5
580115,4
1320300,4
866430,4
1663731,3
1389221,3
564795,5
1643091,4
413817,5
193551,5
1376053,5
1236137,5
163108,5
295631,4
723844,4
208798,4
1475396,4
452599,3
818712,5
955008,3
768147,5
115510,5
828006,3
662067,4
1462986,4
568135,4
1329126,4
1142188,4
1089670,1
786872,4
1535462,5
1520588,5
984544,5
1513841,5
803277,3
542435,5
1693263,3
32159,4
1594122,4
486652,5
1207560,5
1634269,5
137975,5
1668861,4
1339294,3
1001226,4
1079681,3
542449,4
1362569,4
1375168,3
1655205,3
1006364,5
903471,4
270514,5
829988,5
672597,5
975132,5
977502,5
1457161,5
550341,4
1609719,5
346917,4
1108583,1
1277175,3
1042426,5
568211,4
432914,4
1132079,5
1345780,4
552260,5
340363,5
125415,4
1378152,4
432752,4
997355,5
800434,3
1003391,3
808997,5
499671,4
793673,3
925054,4
586430,3
85428,5
999301,4
1446990,4
241051,4
1190379,4
1660742,4
1422117,5
70150,2
741367,3
1103201,5
1358673,5
1654463,4
1509217,5
590754,4
272769,2
424947,5
1061909,5
791404,3
804712,5
472029,4
1432480,2
236573,5
1471337,4
410946,4
555470,5
678550,5
1182743,4
235001,5
1685546,5
762764,4
50613,5
881472,4
1568736,4
547357,2
329989,4
76410,2
895778,5
355059,2
601128,4
561317,4
377806,5
1520997,5
1450796,4
1140634,3
962865,2
1317168,4
1040917,5
811418,3
262423,4
638912,4
881422,4
854672,5
337345,4
1302496,4
290052,1
612640,4
1478053,4
376669,1
328777,4
555375,4
624970,3
29967,4
440645,4
583253,5
1066785,5
961564,5
490890,4
940943,5
1219680,5
657170,3
1608896,4
451509,5
1282181,3
1119420,4
1160402,5
1585583,3
1508004,2
846801,5
1139808,5
693167,5
1100049,4
1436765,4
1257289,4
590027,4
1631218,4
574527,4
155387,5
221967,4
18510,5
136619,5
1058447,5
1157916,3
901306,4
1191469,5
387507,5
1299818,4
1560331,5
526122,2
453291,4
1568449,2
1092153,2
729023,4
412969,4
1385763,5
1265432,5
393866,5
549487,4
139941,5
1135779,5
1596755,3
1007604,3
255689,4
655142,5
1345040,4
1622025,5
883193,5
447290,5
760190,4
342223,5
1475787,3
1234354,4
626624,3
577329,5
1563875,4
1596139,5
940835,4
143050,3
1127938,4
126401,2
255342,5
725444,3
25823,5
1535034,4
228526,4
1027419,2
149717,4
1046880,3
691529,5
30939,4
691960,5
1021807,5
935921,4
1436798,5
189867,5
714772,4
203776,4
1326051,2
1222007,5
869617,4
569611,4
330023,2
491367,5
144075,4
408911,3
404806,4
1044451,2
199451,4
1192044,4
120129,5
1254982,5
1657571,4
319788,5
171156,3
1333193,4
1636621,4
120511,4
375010,5
1153783,3
1411242,4
114844,3
45740,4
32354,5
1570008,5
173162,5
1407129,5
1065231,5
1255506,4
179754,4
934534,4
120853,5
1517320,5
1130359,4
1506504,5
748302,4
1513372,4
1481830,3
723695,5
21845,4
1072355,2
878755,4
600554,5
1521541,4
1038030,4
1614852,4
1697336,4
1171473,1
664486,4
301772,3
912888,5
680128,4
542530,3
827883,2
653206,3
395087,5
557120,4
1449390,3
623773,2
937337,4
1112803,3
153241,4
766470,5
53725,5
1437085,2
286306,4
1173937,5
506331,4
788202,4
1052782,5
1597173,5
1256714,4
1418804,4
1148660,4
1184063,4
1211713,5
812957,4
191248,5
1382619,4
1274951,5
407911,4
902588,4
1074664,5
1328680,4
847503,2
1358439,4
1214780,5
498129,3
547407,4
743166,3
934922,4
1158111,3
1264865,5
172781,3
1440405,5
1384806,5
259924,4
455005,4
221659,5
1526805,3
112539,5
1102727,3
598690,5
607380,4
1163352,3
1323705,4
1409749,5
884969,4
1282878,4
1565239,5
607153,5
1155151,4
371755,4
275118,4
1320996,5
1416022,4
709914,5
1306424,4
644326,5
1092430,4
301398,4
1129160,4
230740,4
828024,4
487828,5
173206,5
95406,4
1075711,5
1337212,4
316349,5
752,5
613312,4
1650593,5
184246,4
729828,4
1108036,4
275627,5
833041,5
1019262,5
1196333,3
695528,4
428873,4
1570740,5
194824,5
229507,4
330987,4
164711,5
1681586,5
649397,4
583595,5
1446320,3
147048,4
911141,5
1190698,4
878750,2
1437121,3
140054,4
154380,5
1686664,4
67216,1
193172,5
1183648,5
154113,2
1301238,3
233635,5
1080619,5
657394,3
35539,4
1004425,4
661769,4
490056,4
826800,4
286258,5
126065,4
449783,4
126951,4
1291399,5
1541882,4
892589,5
49672,5
663585,5
149307,5
1577670,3
1120557,4
689849,4
338946,4
79153,4
1384400,4
728369,5
1481134,5
1570193,4
1580436,2
239568,5
189490,4
609118,3
1650814,4
540520,2
770335,5
1630705,4
544552,4
938916,4
936398,5
373712,4
298973,4
1231792,5
962268,4
1355975,3
1180935,4
1346788,3
1077626,4
218096,5
345750,5
1198624,4
317421,4
467913,4
694662,4
1582728,5
352176,4
1692216,4
1177335,5
1367641,5
279456,5
560295,3
984100,5
921002,4
1048202,4
577768,5
907354,5
1111431,5
1043295,5
69940,4
930968,4
283149,5
1695282,5
719801,5
1386260,5
1112816,3
374595,4
851663,5
1292160,4
1202489,4
1147048,4
152307,5
1332398,4
324829,4
1032473,5
977039,4
1591442,4
759438,5
1558715,4
294693,5
682729,5
1143203,4
13538,4
927381,3
332226,4
525082,4
15549,5
1401777,5
500358,5
552588,5
1278902,4
379612,5
1158051,4
332110,4
287687,5
1544389,3
627302,5
585989,4
1341417,4
546650,5
1053804,5
555457,3
644078,3
1296684,4
711151,5
714661,5
1099258,4
922084,4
999606,2
1394900,3
506250,4
1097400,5
452062,5
1066502,3
1150351,4
1155319,4
853754,4
1083198,4
903563,3
357347,5
676227,5
1615384,5
266124,5
1267133,3
446213,3
262059,4
1675697,5
1158931,3
1077523,5
1446294,5
1306698,4
409167,4
1634046,5
3393,5
364394,5
384866,2
1046331,5
868354,3
227939,5
1135669,5
819376,2
93238,5
520191,5
495807,5
487949,5
403968,4
1356161,5
666083,5
1664169,5
1389043,3
737223,4
1485662,5
138739,5
655380,5
19874,4
1394353,5
1151944,4
1564655,4
370777,5
156879,4
1367347,4
1309106,5
727083,4
963401,4
791842,3
67883,2
867326,5
62635,5
396311,4
333219,4
1278918,4
400649,5
933726,3
145396,5
1384884,5
1437638,5
1068405,4
1655490,3
478153,5
1375114,5
119473,4
1393421,5
1655342,5
1151844,5
250605,4
165697,5
1443291,5
86327,4
237361,5
568097,4
1154860,4
838514,4
58718,5
1048738,5
1225935,5
130821,5
1248995,4
501547,4
1453402,4
1445395,3
1055178,4
1365914,5
300486,5
889369,5
1162038,4
599527,5
752856,4
444227,4
434213,4
307271,4
855584,3
1642142,4
684987,4
497373,4
1323668,3
598533,3
510470,5
1024765,4
529892,5
1147223,5
55568,3
498173,3
1107183,4
111772,5
1130809,3
1662647,4
680774,4
1061718,5
637030,5
116160,4
314167,5
228120,5
937868,3
1187263,5
769927,5
725703,4
447334,3
25943,3
968602,3
1663604,3
481000,5
769255,4
1039818,3
1133437,5
1618379,5
1323800,5
1628627,4
1568321,4
695523,4
1489296,4
1458946,4
602992,3
1426473,3
340805,2
910762,1
851967,5
316992,4
1565733,4
1126908,4
816792,4
1492314,4
1513393,4
1278556,4
1001937,4
862089,4
1075699,4
714604,5
935473,3
580131,4
825414,3
623780,4
1245881,5
53389,4
176474,5
720079,4
1434531,5
513396,5
397222,4
4270,5
573526,4
374194,4
814149,3
431007,2
189088,4
572993,5
268056,4
993814,2
731597,4
1430811,4
1066771,4
869320,4
356088,5
51932,5
1251276,5
1248442,3
158099,4
867035,5
334569,5
462551,4
1598449,1
1309567,4
784029,4
1059688,4
1556233,4
463424,4
644251,5
606070,5
936490,4
1530387,5
1566837,3
617831,4
996953,5
820018,3
237430,5
1022002,2
696862,4
544686,5
929137,5
1297231,4
604634,4
288577,4
1363134,5
1463291,5
685354,4
1298924,4
1551784,5
907899,5
99469,3
1175204,4
1432242,5
1404230,3
1507764,5
34058,4
1162459,5
522277,4
1372141,3
1191341,4
792750,3
710259,3
507336,5
519868,5
1128816,3
1028411,5
374769,5
215571,3
443111,5
675731,3
1652258,3
1632371,4
613577,4
192826,1
1007234,4
1508383,4
940483,4
1333574,5
909590,4
1524552,5
890943,5
452629,4
1421661,5
999650,5
833554,4
408981,4
164371,3
888394,5
387261,4
604807,3
1029163,4
142613,5
1457076,5
171594,3
235989,3
520439,3
502088,5
1390466,3
136785,4
140174,5
284363,4
39738,5
274257,2
472739,3
374205,5
555565,5
259931,5
920643,5
75864,1
428883,5
560232,3
1171401,4
131514,5
831907,5
1540436,5
1024599,3
720698,2
1379821,4
1565833,4
771876,5
1435783,3
1203464,3
895172,4
393376,3
393783,5
720182,4
354667,5
643484,4
1468105,5
124167,5
1474123,4
572024,5
436988,4
1315455,5
1188241,5
174083,5
152754,5
507675,5
1655638,4
1452408,5
1013886,3
27411,4
1433294,4
1046193,1
1634214,5
1367907,5
1257592,4
205855,5
537388,3
407912,5
684908,5
951330,4
669244,3
1362993,4
436734,5
1135875,5
206265,4
978134,4
1485599,5
490237,5
1385701,4
1090998,2
1458894,5
591259,5
619217,2
1419114,4
1006345,3
1272515,5
217397,4
445384,4
588641,5
289558,4
1414804,4
52799,5
1073016,3
661277,4
1518570,4
531339,2
911652,3
246539,4
1341020,5
1603721,3
1661847,2
287349,4
850809,4
1125550,4
1646587,5
1279325,4
319208,4
301848,4
682541,4
1197991,1
1053247,4
644812,4
1006609,4
704092,5
743770,5
1064335,5
891515,4
1465494,4
525425,5
922817,3
1308251,5
548857,5
18157,3
883623,4
1113082,5
1136401,4
707447,5
1099901,5
1545238,4
1405681,4
1111554,5
649108,4
443587,5
690834,5
259420,4
1633758,2
1663086,5
1525021,5
301217,3
1674664,5
1446282,4
1395694,4
1560834,4
467173,4
805313,5
1435481,5
663814,3
1519663,5
237183,4
1122145,4
1243219,5
128089,4
3665,5
208777,5
1073331,3
1255932,4
84735,4
851511,3
585455,4
1225702,4
1091069,4
707625,4
1295538,3
387627,5
381747,4
244473,4
835952,5
286146,5
56666,5
1604648,4
587233,5
583199,4
76737,5
1057446,1
1074672,4
1192787,5
397123,3
630629,4
930976,5
1024279,4
610748,5
1036628,4
1421003,4
972811,3
874521,4
381463,5
687188,4
823168,4
810985,5
320290,5
1422804,4
834395,5
739698,4
1266304,5
1005679,4
773065,5
1115255,4
1041321,5
853526,5
1196064,5
670840,2
24263,3
684716,4
604455,4
1389326,5
1590773,5
494145,5
234375,4
969916,5
530102,3
676828,5
154476,4
1427580,2
72518,4
226810,4
1076786,3
1377499,5
29271,4
796619,5
1022251,4
1357821,5
273435,3
36126,3
15628,4
1525137,4
905493,3
710592,4
64845,5
1024204,5
630070,4
1236875,3
598420,4
1332743,4
150281,5
270871,3
992482,5
12618,5
231717,5
492280,3
429170,4
973936,2
1209921,5
104497,5
1578097,4
382397,5
833446,5
370794,5
255308,4
1525755,4
1053112,4
1020101,5
192389,5
892039,4
131315,5
494822,4
1390655,3
138415,5
872862,5
936622,4
689764,3
20893,4
1126139,5
1081977,5
487865,5
551172,5
662445,5
52125,5
1440429,5
779506,3
1455768,5
1117968,5
1298351,5
1619646,3
352939,5
1377383,5
44593,5
1275435,4
134999,1
629742,4
119311,5
426651,5
1682579,4
1628525,4
74818,5
1150490,3
184301,3
1356156,3
265980,2
1548362,3
761003,4
1659490,4
1222155,4
822031,4
602179,4
1691168,5
845100,4
506628,5
441749,5
996408,4
1019584,5
917698,5
1547093,5
712462,5
1547898,4
57668,5
1194677,5
1452648,5
1439798,5
1264998,4
1693967,4
1405192,3
500529,3
490285,4
24322,4
123960,5
693796,4
57841,4
384312,5
907841,3
1268977,4
656470,4
396488,4
233817,4
967620,4
505948,3
901858,5
414895,5
958269,4
771138,4
1229701,4
802507,1
844581,3
1101765,4
1120523,4
495233,5
1125537,4
1376067,5
819102,4
560138,4
1614481,3
918288,4
879486,4
1532527,3
1461592,5
1597619,4
909209,4
701576,4
907889,5
722863,5
763107,5
700339,5
579405,2
851816,5
1143948,4
1522054,3
66071,2
1368795,5
648208,3
1341480,5
981808,4
754510,4
1019760,3
346478,4
892065,5
773446,4
1257172,3
47849,5
113336,4
475310,4
815454,4
187586,5
382696,5
1211454,5
428441,4
1201288,5
1513618,4
26751,5
1250566,4
1053402,4
1453531,4
618054,5
1365919,5
1162679,3
655649,3
352850,4
119579,5
1205181,3
1476686,4
274353,4
252086,5
772596,4
1271562,3
355574,3
2273,5
882546,5
1420156,2
1400715,2
806693,2
431086,4
432160,5
914065,5
171219,2
659937,4
1188479,5
1672597,4
481078,4
414266,3
394540,5
58993,4
24605,5
247607,4
859955,4
1195267,4
1197521,1
395858,4
873295,5
1383224,4
1684174,4
177541,5
306606,5
296757,5
1518126,4
335852,4
488998,4
1418757,5
258574,4
998867,2
218845,4
1292039,4
1483281,4
1280004,2
948300,5
173496,5
240900,5
402529,5
851919,4
451786,4
162163,5
1219370,4
167164,5
1207804,4
220714,4
1527492,4
886603,4
528529,4
615111,2
535733,3
899457,4
452580,3
467406,5
115850,4
270386,5
1505334,4
1408142,5
1637061,4
244391,4
985888,5
18008,5
806987,5
1025977,4
1067286,4
1313123,4
398661,4
520313,3
450376,4
1026359,5
485120,4
1217933,3
870372,5
166267,3
1325525,4
1600619,4
1564284,5
236687,5
965188,4
1392938,3
1394410,4
476421,4
1228681,4
73509,5
1342131,5
1313782,4
700803,4
1467394,4
186185,5
1119020,5
13292,4
893395,2
561734,4
1658206,1
1522348,5
1148329,3
497562,5
965724,3
1022559,4
1692780,3
748256,5
853278,4
1467715,3
820097,4
1631598,3
226415,4
6656,5
502213,4
185814,4
760048,4
399252,5
142746,5
1037600,3
1480103,4
1650816,3
269789,4
1549669,3
1408352,5
76856,5
1530784,5
55274,4
1604948,4
657216,4
1214482,5
1527998,5
1500122,5
58103,3
965468,2
96789,4
174407,5
858180,5
474029,4
1082479,5
629104,4
1090716,3
1630434,5
556978,5
565979,4
667185,3
31497,4
95041,5
396927,4
425664,5
368438,5
1279929,4
975612,5
199668,4
945357,2
1205272,4
1374914,5
785233,3
479137,4
913851,5
553402,5
236701,5
1151680,4
454159,4
460416,4
645421,4
1233850,4
1543790,4
352648,4
1518743,4
1066525,3
154454,4
685629,3
777167,4
154301,5
940720,2
259276,5
604117,4
178590,4
556965,3
880729,5
1643008,5
1554631,4
1522089,5
810017,4
695830,4
1420498,5
1470330,3
1654030,3
925351,4
1183866,3
1224787,5
264934,4
844778,4
15508,5
71495,4
994916,4
973647,5
746950,5
394874,4
218127,5
295829,3
947930,5
154677,4
446587,5
469580,1
974292,5
1117744,4
1583217,5
308097,3
1622757,4
90509,5
1683887,4
1192705,4
345767,5
584882,4
990984,5
1679328,4
1221715,4
1696559,5
517806,4
1075158,4
344591,3
219416,4
1204892,5
1174191,4
360392,5
167893,5
176300,3
1090996,4
1146332,5
1558689,3
886726,4
397317,5
685512,5
1585882,5
283022,5
558269,4
1674912,2
3448,5
358708,4
418331,5
861882,4
1692549,4
683433,4
1167106,4
1328551,4
409299,5
195810,4
226715,3
1085935,2
1028217,4
483414,5
328848,3
1058263,1
1290141,3
3479,4
1315017,4
436100,4
1572602,5
1548931,4
350203,4
208412,4
476799,4
186674,5
18568,5
862238,5
649259,4
1280125,3
1177410,5
8154,5
691230,5
442445,4
637125,5
1115462,4
19385,4
1632222,3
287611,4
303233,4
918815,5
265412,5
1271691,2
529519,5
823042,4
288126,4
555511,4
1064107,5
113781,5
431342,4
427954,5
1526632,3
1546424,5
1514211,4
967139,5
1047987,4
447106,4
1452653,5
1279971,4
497966,5
293262,5
897135,5
1306556,4
1198259,5
516989,4
1193250,5
1654971,3
1034766,5
1655166,5
1518740,3
1396511,3
300890,4
798727,5
1430930,4
529404,4
1145610,2
1274426,4
252228,5
326662,5
885605,3
1559443,5
666343,3
631726,5
1196099,4
494518,5
387829,4
922392,4
1555610,4
146498,4
282318,5
782599,4
262468,4
45338,5
1094073,4
917432,4
298062,4
555232,5
1655836,4
602717,5
1353452,5
1510708,4
974517,4
80025,5
560693,4
1391217,3
1340748,5
1090315,2
262818,5
656628,4
255679,5
791076,3
1697372,3
374097,4
1373203,5
604317,4
932114,4
750479,2
1325422,5
908760,4
1263888,4
1573564,4
1638393,2
472247,5
1189752,1
648489,4
91906,5
708555,5
835581,4
1641850,2
1204365,4
1435359,5
216218,5
697388,4
100805,4
696609,5
677864,3
1353203,5
1565215,4
409724,4
503463,4
700163,4
745070,5
131386,5
388072,4
1648911,5
1576450,4
192577,4
1008033,5
283415,4
1018866,5
339775,5
148400,4
74556,4
1083355,5
1195254,4
1652510,5
453225,4
101006,5
766671,5
761706,5
1330539,5
1113846,4
494063,4
1694164,4
1483033,5
905075,4
754404,3
1506973,4
605865,4
1087695,3
1427444,4
805016,5
1444065,5
1102075,4
663064,3
125921,5
757664,3
1345719,4
741981,4
1472544,4
10400,5
678401,3
106790,1
634660,4
513231,3
767407,5
1595058,5
664223,4
397729,4
197156,5
1451576,4
148832,4
748856,4
1361649,4
1190160,4
1433840,4
929900,5
148904,4
1389307,4
850798,4
796034,5
643934,3
1551520,4
1546308,4
1238963,3
533610,4
608495,3
1257218,3
738354,4
1507301,3
581464,5
1451406,4
1081523,3
268095,4
1149073,5
1557763,2
1061568,5
23641,4
1269077,4
1505436,5
167242,4
86935,5
316302,4
1583755,4
929893,3
387312,3
470890,4
965369,5
1101279,5
50500,5
962683,4
20418,3
1282561,5
924750,3
1138241,5
525690,3
512848,5
26865,3
1213111,4
248802,3
1228911,5
438899,5
441936,4
659444,4
1268394,5
139913,5
107663,5
966716,5
275181,4
226798,5
1624023,3
1077055,5
1644458,5
291236,4
1043013,5
173970,5
1601203,4
435640,3
1116357,4
1574496,5
626898,4
1141988,5
1228980,4
446828,4
316735,5
558300,5
275169,4
1116959,5
1635027,5
1410763,4
463286,3
1416691,3
251255,4
142347,4
702351,5
1053133,4
466743,5
445454,4
1218607,4
1637525,5
1166924,4
1374294,3
637630,4
978340,5
556350,3
1040689,4
507249,4
1420609,4
136806,4
1608313,4
1037494,4
1147309,2
1179802,5
1160949,5
900514,3
1046357,5
1683983,5
592302,4
130016,4
734087,1
1094192,3
342638,4
1282639,5
1497086,5
1198839,3
1018090,4
767699,4
597569,4
1223332,4
1175821,4
785219,4
656832,5
410792,4
795349,4
1181406,4
1508915,5
1180198,5
1209634,5
1376886,4
898433,3
567311,5
1506747,4
1558440,4
1364058,4
1175803,4
1577139,3
1374630,5
1368492,5
1201642,2
638081,5
514866,4
139170,5
1062913,5
1293664,4
702062,3
87676,4
1215950,4
1411134,4
1466842,3
1228229,4
731119,4
1078944,5
876305,4
660916,3
597126,2
116939,4
34860,5
993936,5
1360803,3
997857,3
1314185,4
1170062,4
538713,5
1249655,5
484219,5
616645,4
1285842,4
1627054,4
1468972,4
580246,5
777448,4
579790,5
712750,2
171981,4
700360,4
1554235,5
498292,4
1250420,1
1309066,2
302289,5
109379,5
676537,4
68590,5
859067,5
121066,2
811298,4
16572,5
24210,5
1271136,5
1389531,5
174648,3
1639892,4
1514963,2
1564781,4
1101049,5
239570,3
614624,5
1066660,5
1673292,5
676219,4
61211,3
1663439,5
540990,3
857914,4
526194,4
395727,5
1219070,4
225281,4
62760,5
1346130,4
983879,5
1302889,4
821818,4
701041,4
1466706,3
1599216,3
1090248,5
1533065,1
420651,5
1498653,5
427212,5
1045082,5
1609390,4
812545,4
260752,4
188565,3
1071883,4
669483,5
1262636,4
1284203,5
291134,5
942980,5
160887,5
1339079,4
1482624,4
446386,5
545531,5
1622543,4
1138997,4
1316542,4
1456027,4
165856,5
330716,2
1207057,4
1697170,5
980343,4
1085022,4
1576022,2
1385268,5
130990,2
230524,4
566284,4
1401461,5
361275,4
1495277,4
1555539,3
497782,4
1083433,5
8277,5
158474,3
1278336,5
843681,5
1541275,4
1559190,4
607604,4
439916,5
494458,5
427372,4
1552408,4
563786,4
1124594,4
454291,3
848861,3
1690123,3
262527,5
825003,3
1653516,5
691809,5
1019895,2
484232,4
1145926,4
471280,3
238604,4
1213223,5
552978,5
1148169,3
1422703,3
423898,5
1489045,4
1066391,3
1680134,4
93952,3
790294,3
699720,3
1484963,4
1079657,4
306722,4
146090,5
402808,5
1690246,2
668762,5
1218251,5
1632828,5
728713,4
648802,3
352103,4
222392,5
1605046,4
445691,5
991315,5
1061905,4
1030499,4
1097656,4
696281,5
640126,5
1213075,5
828396,2
731465,5
1689859,4
171273,3
1152414,4
1525481,5
1653118,5
1436804,4
240693,5
799979,5
1394919,4
906415,2
293678,4
292349,4
377435,5
529016,4
124935,5
1696624,4
1514659,5
1063082,4
1155956,4
381935,5
1080301,2
117023,5
412081,3
999107,4
14403,4
1167450,4
911774,5
672580,5
512946,5
17406,5
1469914,3
599560,4
411098,5
1244743,2
270480,5
555444,4
285923,5
1466154,3
1169169,4
931321,3
1173668,4
1594802,3
1679743,4
1206774,5
407590,5
988647,5
1563936,5
1362124,5
1251219,4
648471,3
287952,3
1331685,5
399029,4
919697,4
650961,4
1534740,3
187861,4
312364,5
690335,5
575750,5
1622102,4
796418,4
881929,5
913557,4
1345579,4
439486,4
1075546,4
537770,5
521736,5
1558250,1
373594,4
201038,4
107559,2
847636,3
1015385,4
81429,4
1558519,4
1520073,4
942837,5
1200955,4
155983,2
529375,4
1396899,4
901492,5
406528,5
752377,5
968661,5
88261,4
1287754,4
647705,3
964467,5
1458555,2
1406247,4
391566,4
218470,4
881650,5
144692,5
589653,5
358381,4
496903,5
931107,3
69031,5
1423535,5
1448514,4
822703,5
1065286,4
1050210,4
1290886,3
753160,4
687769,5
994260,5
841154,5
1495287,4
1527262,2
919394,4
999939,2
1465272,5
548018,3
1284028,4
685425,4
1011716,3
677337,5
1488963,3
154722,5
1592886,5
1561630,4
294944,5
992666,5
1270893,4
569155,3
836763,4
203964,4
1062303,3
1613367,2
1418545,5
804192,4
418100,4
1405629,5
1066478,4
366775,4
1350884,5
55868,5
717538,3
658345,4
213989,5
711488,5
569088,5
989832,5
168197,4
58576,5
596627,3
1111411,3
1390255,4
1639480,4
1628697,5
349227,5
1204584,4
432499,5
950524,4
302918,4
998954,4
1296189,5
132215,5
1180128,3
1567119,5
568071,4
394182,4
1460444,3
1399676,5
775376,4
576561,5
807590,3
113250,5
128641,5
1531990,4
578010,5
1002715,4
830838,3
1396463,4
315435,4
969864,5
525595,5
60252,4
42212,5
184311,3
440813,5
1082378,5
1207648,3
641473,5
803702,3
98994,5
1222781,5
914393,4
621512,4
1466945,4
1286357,5
242802,4
1084093,5
1336812,5
1107030,3
322148,5
1515142,2
1008875,4
1060244,4
590433,4
672362,3
1049618,4
270624,4
483835,4
1612999,3
132506,3
559646,4
1416171,4
521977,4
1539566,4
327193,4
126245,5
30889,4
1147158,5
1513133,2
438421,4
187457,4
523921,4
954185,4
1359750,5
1499431,2
460308,5
706404,4
637540,3
349165,4
736842,4
1467907,5
272867,4
957527,5
734722,5
1241770,5
958853,4
260911,4
1199762,5
1359587,3
1079355,5
343549,4
1695785,4
1070775,4
412962,5
1056139,5
1017476,5
192509,3
785874,5
327350,4
1407420,5
341027,5
792199,5
199277,3
1151223,4
1108237,5
839699,3
1488729,4
1031938,4
1681632,5
1250992,4
354463,5
300497,4
619959,4
565744,5
1087286,5
881451,4
56297,5
792203,5
733753,2
1511059,5
727668,5
1438370,5
332070,4
14559,4
303133,5
577397,5
206042,4
1171315,5
313228,5
207089,4
1622859,5
451863,4
1012949,4
612126,4
34036,4
940911,5
1582232,5
81150,5
755575,5
1149230,4
1513508,3
1235013,3
1650110,1
1631794,4
1536785,4
1225801,5
1089682,4
934777,2
603193,5
1533485,5
244345,4
4452,5
1085387,4
890910,3
1339165,4
1057356,5
1628096,3
904266,5
854538,4
27583,4
246338,5
951175,5
1369267,3
1643939,5
6195,2
555081,4
708897,4
1031420,4
1114990,5
1384509,3
367735,5
213372,5
72694,4
31462,4
937414,5
303079,2
458874,4
1650795,3
1600270,5
1670915,4
1267916,5
291793,3
391918,4
1293433,4
542596,3
293800,5
1431617,3
916302,3
169881,5
1544217,4
208418,4
424852,5
361797,4
1647854,5
340928,4
53464,5
1259513,4
1019004,4
555704,2
974946,5
406021,5
875871,4
187295,5
842837,5
1117844,4
1127832,5
559754,3
685929,4
908713,5
1107211,5
235083,5
1027579,5
1440642,4
1639744,4
1523108,5
1446053,5
1400681,3
1351082,5
382533,4
425539,5
1053992,4
362555,5
1484619,3
935800,4
248110,4
1553742,2
503950,5
952398,4
811596,4
139138,3
1119251,4
282781,3
59795,3
833886,4
1425534,4
1288727,5
1473876,4
344155,4
864228,5
1228553,4
1521685,5
1190432,4
967590,4
309954,4
876719,4
1580674,3
1140131,5
832947,5
1625145,4
756675,4
1239337,3
1454315,4
737245,5
1314684,4
126980,2
760463,5
1252942,3
1256974,5
1093593,3
365915,5
211998,3
208441,4
727404,5
1098698,5
1349184,4
454511,4
1684991,4
93578,5
1148564,4
1025269,5
1194182,5
1633655,1
1396482,4
1463603,3
927191,4
1188733,5
610758,5
365833,4
383066,5
840138,4
299311,5
519192,5
608975,2
1369212,5
1492843,5
1004607,4
1535887,5
508784,2
1187488,5
574812,3
152202,4
1246493,3
902395,5
1312506,3
591117,4
380502,3
981206,2
1494438,4
1493413,4
953898,4
742203,5
1531720,4
17369,5
1150254,4
1017343,4
406806,5
1191345,4
144965,5
286888,4
1303984,2
1223930,4
523066,4
489002,5
11230,5
1341636,3
1284331,3
671174,4
508751,4
1117932,4
171123,4
627124,4
1003619,3
1525193,2
1558653,4
338106,5
316061,5
1415122,2
1448749,5
649867,4
1330387,4
769473,4
838801,5
1692746,4
78701,5
18921,5
1227444,4
225134,5
15567,5
584907,2
1445122,4
108409,5
1682541,4
806851,4
173539,5
1185443,4
115158,5
1312490,3
356254,4
1210920,5
408549,4
691129,5
394859,4
1406715,4
856191,5
285722,5
749184,5
833427,5
139526,4
1320832,3
1368718,5
1599838,4
470935,4
1354180,4
398496,5
572787,5
598535,5
1426552,3
1241856,3
446306,4
902428,4
613796,5
1222216,4
279299,4
1364214,5
942345,5
1316869,4
1613926,5
886899,4
1214135,5
188002,3
1197263,5
1466661,5
529624,5
1351148,5
1606523,4
1675605,4
949002,5
1085842,4
201652,4
837357,4
42621,4
284405,5
581532,4
187593,4
1518426,5
714916,5
17950,4
861276,3
525616,4
1268998,5
957634,5
1517898,3
894727,4
451086,5
751564,5
397897,5
1612214,3
49444,4
927583,4
1417183,5
1269029,4
520193,5
211512,4
940299,4
69792,5
109738,5
1426578,4
1051996,4
1279187,5
590928,5
957260,3
1087881,4
85927,5
689946,4
365632,4
182970,5
213893,2
388098,5
547191,4
1201900,5
1376673,5
699975,3
1444882,3
1199871,5
1166022,4
944491,2
1356095,5
794403,4
1238055,5
1179452,2
858234,4
699280,4
705031,4
592082,4
453398,4
714338,4
1001649,3
1030677,2
335925,4
1560499,4
1522879,5
1188478,5
1286212,2
881546,5
241148,3
1263751,5
834448,5
1397500,4
263363,4
1473551,4
419644,5
1555767,4
990935,3
1270326,4
1642803,4
1301841,3
32816,5
765597,5
504532,4
1035716,5
1051643,4
1238716,3
729160,2
432798,2
521455,4
998685,3
493813,3
1275151,5
873193,3
1256579,5
345646,4
1480458,4
959962,4
1339158,4
1083454,5
875530,3
416120,4
1058363,5
642001,4
905471,5
280940,3
957654,3
288994,5
1363467,4
1317700,4
727058,4
827108,2
600268,5
1324194,4
572861,5
843438,4
578248,5
680283,5
1344389,4
1476100,2
508794,4
236902,4
523813,4
1513309,5
1331976,5
1076534,4
849899,4
1302490,5
707108,4
440710,5
949267,2
1451453,3
1476879,3
220813,4
1671381,3
217978,4
1277486,4
1419160,5
269052,4
640781,2
984390,4
1656113,5
931917,4
414816,5
311420,5
647985,4
1567312,5
717135,4
583166,3
127719,4
1358716,4
413824,4
1574887,3
547319,4
1568344,5
442975,4
1349015,2
135070,3
645565,4
1463627,4
474105,4
368608,4
1299067,4
819621,4
21571,5
628503,3
428340,5
1471579,4
382856,3
219957,4
1037498,5
44973,5
1172994,5
264704,5
196858,5
1167621,3
1011963,4
554012,5
1307752,5
1675591,4
817205,4
154308,4
557611,5
630512,4
771337,5
388177,5
22201,3
791256,5
891635,3
1460829,4
779344,4
434256,4
1247843,4
216323,4
577614,4
649022,5
718490,4
338159,5
1451234,5
268952,5
1225663,2
880065,4
632512,3
461879,3
159097,3
832134,5
719206,5
600338,4
1507471,5
19827,5
586213,5
467174,4
520476,5
1509964,3
1608383,5
1612269,5
1268430,3
516239,4
768961,4
1017334,4
285525,5
862283,4
306735,4
960765,4
45968,4
1494880,4
1429393,4
33316,2
1578842,4
1153513,5
901929,5
399429,5
1344410,3
751328,4
1254945,5
307821,5
761837,3
1061749,4
978302,5
1337505,5
1160392,5
1604947,5
512152,4
1170759,5
572607,3
56563,5
1414579,5
989996,3
1266387,5
1640741,5
394996,5
236085,4
401892,4
414819,3
1041764,3
457815,1
525976,5
1013831,4
1112607,4
980692,4
458329,3
343703,4
148463,5
927469,5
216028,5
85940,5
967031,5
1172383,5
1358038,5
192394,2
30585,5
659453,5
729393,5
1275864,4
183187,5
1549093,4
482251,4
404111,4
377386,3
1474724,4
982972,5
1136888,5
1270316,3
159007,4
198721,5
1514415,4
29510,3
557391,4
1391468,5
887115,4
338410,3
130725,4
1118147,5
847770,5
299725,3
781555,4
769159,5
1442469,4
899975,5
849431,5
693909,3
1341694,5
239157,5
286308,4
1352118,4
56327,4
570595,4
198302,4
147505,4
1602023,4
213310,4
458073,5
1359320,5
600508,2
60977,4
1204582,3
283398,4
1372566,3
684339,4
1013126,4
1113822,5
1018975,4
1321484,5
232013,5
775147,5
346771,5
1440295,5
358498,5
270042,5
1365779,5
76253,1
625686,2
70720,5
584041,5
480244,4
408808,5
170001,5
791029,4
30210,3
1693513,3
228782,5
881464,2
438868,3
960996,3
1358900,4
765681,4
1672599,5
442817,4
1275683,4
509181,4
56799,3
1112443,5
912189,4
876048,3
1194245,4
160652,3
608603,3
544133,4
1093450,3
1142461,4
1150888,4
218893,4
205683,3
653125,5
20942,5
688235,5
1272391,3
1157721,3
1611242,5
955999,4
314276,4
487222,5
930700,5
1286512,4
510588,4
245461,5
707251,4
510932,3
1290253,4
1592801,3
529578,4
330346,4
293722,5
998258,5
658935,3
711241,4
984295,5
185394,5
708904,4
1567187,4
1567494,4
1076307,5
19326,5
1548312,2
1312326,5
1154029,3
1125618,3
1059254,5
1402142,5
468858,2
1261009,5
519010,5
672299,5
1570,5
199880,5
1641387,5
327554,4
578689,4
845965,4
1007825,5
545991,5
21142,5
970077,3
1263847,2
1451554,3
1644306,5
67265,2
1169340,5
408132,4
1104623,4
1585910,3
512776,5
640844,3
851457,4
1433353,3
1183414,4
1460985,5
1441944,3
7666,5
592311,3
1224469,5
740777,5
883647,4
117818,5
464970,2
1125954,5
852415,2
481217,5
867886,5
787829,5
577970,5
120589,5
210100,4
80952,4
492528,5
115816,4
224055,4
235515,5
49829,5
667615,4
292070,4
483624,4
489863,4
158242,2
445664,4
802360,5
263858,4
365784,4
43829,4
2171,4
10076,5
1348064,3
561067,4
830989,2
546899,4
457253,5
1563110,4
519627,4
1401733,4
159269,4
678166,4
1239763,4
794147,5
1007056,5
542960,4
429798,4
1349247,5
534934,4
320633,4
644865,5
568561,5
567533,4
113089,3
1314389,4
1238306,4
1366929,5
690244,4
1004861,4
1375136,4
1391932,4
460910,3
1048037,5
1139398,5
1489487,3
301841,4
1677997,5
817949,3
756221,5
494234,5
681506,4
868929,3
944720,4
1260682,4
54622,3
1028198,4
1108564,4
110135,4
1152533,4
100750,5
1657727,4
481277,4
1538464,3
1329685,4
1112393,4
75924,5
925217,3
13375,4
254028,4
1534706,4
691408,5
800634,5
1488681,3
301180,4
1483193,3
763007,4
289092,5
1668973,2
1118127,5
1280790,5
1618347,5
387349,4
672122,5
1180245,4
999374,3
239418,5
875489,4
1533027,4
1680271,4
1414817,5
808561,5
889865,2
943830,3
1034370,4
1247365,3
1048895,4
1453234,4
1664369,5
1604956,4
1616713,4
644998,4
1174322,4
896970,4
117784,5
1322220,3
271172,5
1624090,4
373698,4
206427,3
368310,5
226237,5
1401375,4
1558406,2
569645,5
509132,4
81094,4
1307676,3
426251,5
83510,4
1626312,2
116885,4
1320543,4
31113,4
246495,5
408928,4
966290,5
1121332,5
444301,5
411182,4
297940,4
531150,5
406719,2
185698,4
1130376,5
223876,4
198651,3
271418,4
272281,4
42657,3
83514,4
104723,5
1189550,4
1541783,4
1639641,5
1432941,5
731657,5
1051725,5
599998,5
1509019,5
139483,5
307717,3
659685,5
695824,3
308002,4
1283282,4
923140,4
1466869,3
831783,5
350703,5
865716,3
1625128,5
1094441,5
384132,5
221982,4
496814,5
1147266,4
846568,2
1617517,4
309808,3
629539,5
1662982,4
1045165,5
1107619,4
1463282,5
780260,4
1610320,5
677544,4
1509983,4
172037,5
87959,4
1458638,4
1536073,2
1230494,5
487897,5
423957,4
216480,5
785524,5
1368892,5
1308754,3
1397443,5
343280,5
1092052,5
357592,4
1435741,3
1381763,4
74372,4
706438,4
1207602,4
850138,4
677022,4
835518,5
912885,5
853942,5
1678439,5
1006843,4
100165,4
731966,5
137675,4
340106,4
1591090,4
1492438,4
1145892,4
481870,4
271145,4
634668,5
458314,4
1602157,4
422264,4
864709,4
1667068,5
524331,5
1070931,5
488784,3
812194,4
1189105,3
1405845,5
1620192,3
1475678,4
538170,5
369815,5
1118546,3
621005,5
1417883,5
485762,4
1644866,5
975703,4
1605058,2
642906,5
209664,5
834728,4
880047,4
615924,5
1112410,5
485262,5
225911,5
398178,4
92419,5
821374,5
881090,5
1420796,5
571176,5
82885,5
996624,2
218286,5
611365,4
682476,3
143019,3
467967,4
778518,5
530125,2
974838,4
727074,5
343621,3
8096,4
559647,5
856091,4
874447,4
520683,4
1348704,4
157755,5
149309,3
1042540,5
1004768,5
1593629,4
1384593,5
1548234,3
526818,3
781228,4
446385,4
452601,2
326664,5
549822,4
232040,4
391652,4
1077399,5
1087015,3
1043316,5
563181,4
252595,2
1278466,4
447390,5
829991,4
84766,2
850859,3
245100,1
1471070,5
499324,2
1439559,5
1525458,4
960211,4
418407,4
1226188,4
749603,5
1108098,4
35448,5
80373,5
651434,5
1119402,2
1696281,3
90984,4
1418363,5
604467,5
1673547,3
119036,3
1216636,2
1510274,5
760703,5
685789,3
1522343,5
468738,5
1464947,4
914524,4
745566,5
1431341,5
1490621,3
950706,4
1609960,5
206840,3
1413046,5
5782,5
585053,5
1640652,4
118066,5
144565,5
940626,5
781567,5
786375,4
400002,5
548812,4
370263,4
1349057,5
532102,5
1435462,5
253689,4
650425,5
59631,4
180874,4
219546,5
1637320,5
883004,4
1079579,5
1697018,3
349726,4
1129770,4
1291241,3
712224,5
490838,4
609804,2
1439296,5
277999,4
592447,5
1692479,3
1256904,4
1196425,5
1430395,4
1270704,2
730914,4
136992,5
1480859,5
1128594,5
1398116,4
113833,4
1590932,4
1576585,5
298031,4
1567310,5
1410839,3
266905,5
472441,5
459836,5
791702,5
1228049,1
70575,4
995851,4
1305179,2
21130,5
553064,4
65341,5
133458,5
532181,4
1554412,5
1555596,3
610236,5
593026,3
1304773,5
1414587,4
1018926,4
1148299,4
1100856,5
1572238,5
25127,3
1354789,4
462800,4
2812,4
1246014,4
1173582,4
312909,5
391001,4
19103,3
625032,3
1271765,3
1026779,4
782132,4
882215,5
1638265,4
1276447,4
450513,3
148743,5
896025,5
631319,4
522529,4
395208,3
440529,4
1143863,4
935274,3
1599638,4
388193,5
1315337,3
496211,5
1449169,5
78757,5
424580,3
188654,4
897102,5
1516253,4
357343,5
187288,4
108938,3
990790,4
1651792,5
1282725,3
1343520,4
1381163,3
1560705,4
640842,4
1402166,3
1031322,4
1322937,4
1016404,5
22209,3
1302771,4
328042,3
253084,5
1570782,4
861718,5
57231,4
317049,3
1128811,4
886352,5
199845,3
1648160,4
1097179,5
600569,4
1111919,3
21605,2
731549,4
684336,5
1200445,4
53411,4
472750,4
159580,5
750943,5
1051357,5
1217465,3
93273,5
43999,4
406179,5
197264,4
613856,5
226700,4
1602103,5
1356650,4
361834,5
1282788,5
508675,3
981267,4
1336792,4
421837,3
452671,3
926679,4
32118,4
1500208,3
775129,2
762206,4
1660753,3
1123496,5
1677959,4
1024543,2
1314032,4
931421,4
1486456,4
1671346,5
1642277,3
1370777,5
85745,5
75053,3
755976,4
729573,1
1067271,3
1466718,5
1434589,3
935293,4
504056,5
1645879,4
405841,5
1056206,5
1514283,5
1458204,5
459081,3
911426,4
223197,4
569200,5
408882,2
432079,5
1253976,4
1377169,3
1010983,3
1640793,5
303877,5
1380179,4
868388,4
805838,5
129872,5
582323,4
1093525,3
972316,4
538168,5
886509,3
449714,5
973903,5
302927,3
51789,5
306459,3
826931,5
170568,3
1684253,4
1419381,4
954248,4
383087,4
133786,5
1050628,5
1457757,3
778245,4
1207252,5
1697218,5
528172,3
1621951,4
1641565,4
1121680,2
1359515,4
1591549,4
975930,1
1000451,5
605038,4
122480,4
947956,1
1331900,4
572127,4
475713,4
669428,5
610341,5
118776,5
1608799,2
628832,5
1257805,5
108492,5
1246487,3
780660,3
1063828,3
1259527,4
23126,5
288281,5
799194,3
410755,4
1278906,5
1489762,4
918222,4
1440036,4
879816,4
1100363,4
1480663,3
1198042,4
1552282,4
948503,4
581679,3
309576,5
1297610,4
606908,2
111068,5
1379838,5
882371,5
1679512,5
1325032,4
2895,4
1074337,3
683001,4
1155219,4
1007123,5
16079,5
862873,4
1683608,3
744480,2
325171,4
1091105,4
734311,5
1574536,3
343863,4
122785,4
843195,4
999318,3
1188775,5
659538,5
218730,4
1526576,4
1061531,4
555122,3
1455567,2
1615581,5
525740,3
587919,3
1072412,5
1574420,4
1310989,4
1485818,3
1170471,4
1402923,2
1674697,5
398261,5
1312828,3
787151,5
274750,4
1376854,4
1150123,5
332181,5
137304,5
1384748,4
1427872,4
1016886,5
907009,1
381011,5
410893,4
1464071,2
1045677,4
836318,3
100096,5
162093,2
880836,4
1651934,4
567097,5
1266424,4
1341698,2
624232,4
47233,4
626028,5
689928,4
1529777,5
1043747,4
84918,4
133260,5
1242329,5
1659684,3
1163399,3
1493205,5
1411522,5
1342346,2
513761,5
1684321,4
291991,4
1108944,2
1691081,3
867378,5
1202370,5
148253,5
1339764,4
970117,5
134711,5
513537,2
434893,5
648094,3
1116020,4
1184475,3
1500222,4
666464,5
722512,5
601542,5
1400437,4
1438215,2
926635,5
295866,5
917742,4
773083,5
873188,4
1064991,4
1516930,5
100301,3
1570941,5
908803,5
556132,5
1022185,4
304020,4
1595962,4
1113274,4
16407,5
1457105,4
1098736,4
352533,5
1420855,4
1258828,2
15973,5
716670,5
27701,5
30415,4
295085,4
136596,5
1331841,4
97418,5
551146,5
747726,5
1409096,5
525098,4
1388399,4
555113,4
47988,4
592760,4
913704,4
1141757,4
855997,5
1562693,4
1210615,5
1297873,4
30445,3
220031,4
36907,5
815799,4
944590,3
1266863,5
752678,5
121166,4
301661,4
415929,4
902027,5
637183,3
497474,2
1015218,4
768775,4
163734,4
306198,4
675392,5
388283,4
1012870,3
1513556,4
209460,5
723281,3
265511,4
1024503,3
384619,4
1545591,5
122301,5
1423543,2
150209,4
1070975,4
690564,5
43336,5
668012,5
24002,5
1491488,5
261589,5
581560,3
1541920,2
774630,4
223468,4
1649768,4
1526444,3
1453031,4
1341280,5
823102,5
197113,4
749810,4
1350798,5
518961,2
725908,4
945119,4
313016,4
1206157,4
282433,5
852544,5
112305,5
1689789,3
1445066,4
655095,3
1679135,1
1067034,4
322497,4
1694814,5
1117557,4
768910,4
202462,4
1365580,4
240440,5
1165602,4
1417698,5
1110446,3
1527247,3
531177,4
1430585,4
622690,4
295974,5
1554880,3
940347,3
1066343,4
77392,4
1191655,5
148322,5
1061642,4
725268,5
85737,5
1416357,4
670219,5
1513609,4
157906,4
500151,5
1086166,4
1003175,4
1455699,4
1436744,4
548824,5
14133,5
401501,4
147508,4
896157,4
1686859,2
380679,4
586026,5
990127,5
204151,5
1339712,4
160271,5
351209,5
1342527,4
1182659,5
540724,4
239239,4
173574,5
1334885,4
138689,5
926574,5
1478388,3
803800,4
1220129,4
1547866,4
502447,5
1219518,5
284649,5
985962,3
438053,5
955313,4
330703,4
571529,5
604057,3
1301396,2
1647513,5
1424977,4
1145445,3
1391768,5
4389,5
219225,4
100082,4
950813,4
706266,3
1674675,4
127760,5
1456029,4
1269409,4
615741,3
1083647,5
820702,3
1015478,5
910169,3
1221467,5
1306368,3
649937,3
742064,4
1377626,4
1391376,4
166505,4
1103353,4
37046,4
410807,4
1200027,4
1359631,4
145737,4
791801,5
733633,4
74128,3
799842,2
1388801,2
798305,4
326490,2
1093605,5
750173,4
1266900,5
1674631,4
739437,4
739104,4
1203137,4
1458944,5
1063464,4
1309184,5
958842,2
7357,4
316156,4
916441,5
1086429,4
15711,5
1209923,4
1416362,4
1669411,4
1240727,4
1481516,4
164042,5
422457,5
30956,4
309251,4
1229831,4
832937,5
1431600,4
1024514,4
534920,5
363996,5
841594,4
1390371,2
1065111,4
75578,3
263516,2
772948,4
579998,5
1540982,2
850400,5
1269859,2
1116599,5
102422,5
355484,4
38333,2
1305080,2
1674891,5
1131665,5
544331,4
92924,5
740169,4
490391,3
351265,4
468866,1
1450491,5
1048031,4
1684348,4
1179569,5
1660175,3
1626614,4
963618,4
1222540,4
1521706,5
1651274,5
268011,4
399761,5
1120779,4
1677748,4
1597241,4
1445849,5
117526,5
745435,5
473244,3
1097106,5
227824,5
931298,4
1514990,5
820286,4
1666273,5
10358,5
1128289,4
110908,4
1341990,4
1668438,4
896994,3
503547,4
1139649,4
154011,5
16882,4
1533386,3
42396,4
1066904,3
1561101,3
1124578,4
1571081,4
1610594,5
1057067,3
1250722,4
1617127,4
1660940,3
1265056,5
474039,3
1345315,3
1256053,5
1164345,5
1443734,5
617390,4
1606861,5
1231530,4
444610,5
1450879,5
135701,4
902038,5
620230,4
1078892,2
1582900,5
325150,4
988543,5
257170,5
1689421,3
267480,5
32838,5
1203674,4
1679625,1
1509871,4
1627578,3
358145,5
1660697,3
196155,3
1531478,1
672477,5
826455,4
1306107,4
603467,4
122734,5
286,4
1046487,5
221323,5
1449458,5
554228,3
1369539,4
689100,5
1143373,3
356417,5
1684081,5
1485269,5
732227,4
296525,3
1599506,4
536378,4
476809,4
1355571,5
344795,4
1437141,3
1231754,5
1129339,2
1391889,3
1328167,4
989920,4
626664,4
1621414,5
1412407,5
1280755,4
1609360,4
945548,5
1239011,5
1617065,5
1668587,5
461985,3
112683,4
1351296,5
91308,4
1016916,4
1060638,4
617919,5
293730,4
1253136,4
965039,5
189803,4
1575921,4
428870,5
1256392,5
1227516,5
61364,5
1293411,3
351700,4
1398069,5
1126801,4
377322,2
125207,5
193181,5
471811,5
910120,4
1471339,5
744244,3
615164,4
74233,4
168334,5
337239,4
569625,3
676550,5
613255,4
629024,3
801269,3
337544,4
810032,4
295733,5
1031481,4
411949,4
267507,4
847857,5
231158,5
1116612,4
1222667,4
897873,4
1200550,4
833231,4
1507429,5
506789,4
1039783,3
32946,3
1292150,4
474296,3
301443,5
1116477,5
884937,5
1415866,5
1550940,4
227558,5
408225,4
471404,4
618939,4
914885,4
272505,5
1138488,4
1272090,4
1299253,4
838162,5
676080,3
1372933,4
1501989,4
595224,4
962434,4
1425111,4
694386,3
471035,4
202371,4
1638600,4
99126,4
84991,4
91152,5
522805,3
1216983,4
403537,4
1260251,5
1504993,5
418810,5
804044,4
210691,4
114335,5
700476,4
857681,3
879398,3
1407958,4
1235890,3
1006606,5
886004,3
866871,5
831361,4
839621,4
154369,2
162858,5
106771,4
225467,5
665407,4
695503,5
164599,5
474868,4
172313,3
1659732,2
1398661,2
445449,5
875284,5
832683,4
1508071,5
37274,5
256149,3
1132131,5
994785,4
399189,4
1677441,4
408012,5
828228,4
1293573,2
307250,4
646835,3
55526,3
213034,3
1496334,5
1146770,4
889958,5
864008,4
548852,5
1184645,4
1614615,4
474209,4
853782,4
114000,4
545705,4
1383145,4
1269653,3
267092,5
1103280,4
283918,5
15878,4
783090,3
444919,5
1170651,5
377597,4
1471659,2
861163,4
522903,2
306914,4
484361,3
16982,5
319660,5
744855,5
1213022,4
769997,4
1123863,2
349696,5
1016622,3
721540,4
96441,5
218009,2
254853,4
1331677,5
454079,5
726680,4
1436443,3
710025,4
475778,2
156727,4
898795,5
960896,3
779454,4
549725,4
1670467,5
1072003,4
31074,2
1553342,4
944537,3
293143,4
718135,3
805289,5
1079221,2
541053,2
1633038,4
875685,5
1321756,3
127686,5
186542,4
458313,4
1359388,5
1036516,4
1506640,5
1409668,5
379057,5
802133,5
1461053,3
886152,4
1356649,4
358172,5
306576,5
516583,3
473131,4
600197,5
873470,4
983250,3
388829,5
867623,3
1643925,5
1485584,5
929931,3
1322948,5
1442277,4
1137625,4
740617,5
462282,4
971493,5
384790,4
1381586,5
833428,5
233534,5
218634,4
1351149,5
315600,4
1670486,4
810741,4
1420469,5
821635,5
375268,4
678751,4
106505,5
455584,5
1359739,5
1129591,3
169447,3
1239161,4
1010108,3
1402012,3
913724,5
884619,3
1682822,5
1505699,5
842735,4
1350616,5
867148,4
1008745,5
1289982,4
906716,5
1479093,2
301759,3
1125880,5
1422037,5
1079886,4
303494,5
1051284,1
1520734,5
1645397,5
1514830,4
162685,5
1326131,3
771017,5
1214580,4
1276659,4
268461,3
354971,3
730125,5
1532603,5
886758,4
906134,4
679987,4
751883,4
266149,3
873189,4
1652523,4
966908,5
1236498,4
365582,4
656041,5
697452,5
429984,4
1649214,5
212212,4
1279544,4
100045,5
507895,3
1556056,2
1200809,5
814927,5
60732,5
1187859,4
1207308,5
436900,4
839178,2
1461696,5
869448,4
1521372,4
154932,4
1129842,3
1447584,5
765265,3
1664320,5
1476657,4
1455435,5
1041970,5
270906,4
1648877,4
1387376,3
1667346,4
1316641,4
1587134,4
858411,4
907548,4
715052,5
318022,1
896421,4
915828,4
482147,4
374581,5
819518,3
392349,5
165673,3
1534827,4
830998,4
1223030,4
413517,5
864422,3
128926,5
539443,5
1148932,3
599885,4
928336,5
960337,3
1312771,5
806926,4
912984,5
1161089,5
1172506,4
84175,5
1401813,5
1208726,5
346434,5
291941,5
734560,1
545870,4
1163799,4
1043717,5
530909,5
659240,5
2660,4
1037908,4
242497,3
824617,5
1009617,4
586570,3
606832,5
1177856,4
1696661,5
1088270,3
667493,5
378279,3
724433,4
124272,5
1193026,4
1428304,3
1295440,5
125844,4
508041,4
492848,4
860383,2
78779,4
1143718,3
851354,4
1420054,4
1189338,5
359771,5
1323151,4
561914,4
1439188,5
377416,4
635420,4
398911,3
789015,1
425210,5
520543,5
749566,4
463614,4
1132803,5
552542,5
891445,3
557351,5
1199301,4
511750,5
540513,3
1681620,4
1456042,5
238206,5
104155,5
124836,5
907331,4
270232,4
1663877,3
619674,4
887271,5
759210,5
420211,4
1120328,3
1310358,2
977314,4
344916,5
574048,4
1214168,5
491627,5
1436601,5
1060303,4
1357287,2
1369319,4
1217122,2
1440339,5
1653364,4
817729,5
1138894,4
792957,4
1335256,3
517368,5
298136,3
1082002,4
1342602,3
1637544,4
540554,3
1080399,5
859356,5
1002074,4
762455,4
836283,4
1287594,4
1268420,5
48253,5
117729,4
1413685,3
500466,2
1222685,4
1333373,4
1211226,4
1357566,5
749500,4
1102999,4
1563788,5
1240881,4
955568,4
311642,5
834463,4
1608949,3
609315,5
316483,5
1683000,3
1476271,3
405827,4
519981,5
659860,4
990766,5
1315892,4
931681,3
1415550,5
1005733,4
803689,5
817244,4
965056,5
535024,4
28990,4
673488,4
172498,4
329011,4
1158680,3
1380611,3
799126,4
1601334,3
131188,4
1292813,5
273385,5
566599,4
1418144,3
589622,3
1416879,4
607261,3
397060,3
1332299,4
1339952,4
1322825,5
1208328,2
1692993,4
703402,4
1503255,5
287991,5
1647624,4
671833,4
1305948,4
150424,4
1003623,3
462620,5
534502,5
179897,1
1253798,5
1417219,3
1091922,5
745098,4
910628,4
1520974,5
770586,5
893979,4
899545,4
99654,4
888255,5
1140462,4
259905,2
23587,5
948145,3
191324,4
1327775,5
1184209,4
1615221,5
133558,4
1388238,5
565858,5
1462008,4
1118525,4
1474503,3
744251,4
1062845,4
1490473,4
895377,3
1550997,1
98567,2
689817,4
684944,5
179208,5
1222658,2
1156118,4
408056,5
736363,5
952537,4
573812,4
1019275,5
928387,4
832209,4
786513,2
91611,5
119080,4
78341,5
1109864,4
860914,3
1659225,4
287516,5
1296116,4
1375810,5
1354081,5
1505107,4
107621,2
315036,4
1118340,5
680809,4
36887,4
982578,4
226959,4
113978,2
653532,5
576814,5
1341400,3
703954,2
1068062,5
97703,3
700101,5
979600,4
950880,4
214971,4
1589632,5
558287,3
1520852,5
389681,4
919941,3
153468,5
707314,5
109847,3
816119,3
1289839,3
1094476,5
1317611,5
1178461,2
1543681,4
139625,5
465966,3
8130,5
915854,4
526687,2
1558766,4
1121015,4
1280677,2
1333104,4
488701,4
149903,3
835640,4
515925,4
481153,4
443438,5
1660698,3
1024180,4
1330364,4
645206,4
1304629,5
1144729,5
1207616,4
1681506,5
894129,4
978795,5
1633925,3
1480558,2
153320,4
280784,5
598111,4
1588551,4
925452,4
1066394,5
217030,5
352041,4
276566,3
1681272,4
144750,5
1499703,4
1381027,2
793336,4
1356083,4
765428,5
841117,5
690967,5
753993,4
1652524,5
355022,4
1648483,4
1242440,4
9145,5
803604,3
825025,4
1291931,5
1331847,3
1207056,4
459312,5
523374,2
255784,5
39159,5
529728,4
933455,3
569479,4
48813,4
1490440,4
598847,5
1035116,4
1634706,5
329192,5
1383834,4
721278,4
32562,4
1363112,3
1163185,4
637558,4
47956,4
1657318,4
1185000,3
367463,4
1104573,4
1060827,5
856539,5
688334,3
787903,5
1365449,4
182695,5
1611511,4
202349,3
1607796,4
789266,3
833044,5
1400844,3
401570,5
653755,5
1564168,3
1123133,4
707725,5
1034934,5
1027528,5
830109,4
1566406,5
1383273,5
353902,4
784565,5
854812,5
927079,5
714356,4
514213,4
1686194,5
1064255,5
889404,5
1011035,5
1486742,4
667928,5
83,5
1209102,4
1098689,4
772266,4
477449,4
470740,5
904415,1
187833,4
1556062,5
648220,3
1241701,4
221749,5
1373799,5
256539,5
634312,5
1040540,5
333167,5
1153228,4
1647684,5
1646135,5
1452327,5
555147,4
968078,4
926980,4
291655,5
894314,5
606411,4
1333076,3
1169889,3
603330,4
736587,4
1684444,2
1162631,4
927737,4
1228995,3
1134550,5
382217,5
1453596,2
367654,4
118107,5
51534,4
115752,5
21095,5
1162512,5
1683579,4
1413515,5
419806,3
109765,4
1303258,4
1667463,5
661381,4
1129888,4
790474,4
1251254,3
1040461,3
705606,4
1333973,2
1377529,5
45833,5
94115,3
318734,4
686606,4
958803,3
1373060,4
876397,4
1088876,5
78286,3
975573,5
1134912,4
405378,5
840083,1
717098,3
1617286,4
1610144,5
185307,4
23830,4
1478153,5
43356,5
1220838,3
609579,3
387067,5
96638,4
1327082,4
161204,5
961715,5
384069,5
1542130,2
1252098,4
121712,5
279481,4
1319724,5
1009742,4
1051623,5
478063,5
1674478,4
1044194,5
1091801,4
699036,2
1458382,4
552076,4
393321,3
105699,5
1074946,4
421050,5
249493,4
156082,4
407743,5
1412826,4
628012,2
1220467,5
803429,5
227127,5
254754,2
316027,2
1322470,5
662666,5
913785,4
651798,1
736291,4
1642132,2
1337728,5
1011236,5
282729,4
1687582,4
1307044,2
275608,3
780719,4
867633,4
452189,5
1366276,4
1075853,5
35973,5
60285,4
1050500,5
1197424,5
1667757,3
1562888,5
1314086,4
1462634,5
1484552,4
529679,4
744136,5
827797,5
322651,4
754243,4
1036,4
802506,4
1108777,4
189420,4
342525,4
342784,4
1234287,5
941110,5
811751,3
637481,5
1180501,4
1539267,4
1359348,4
394802,4
1156644,4
30376,5
584057,5
36758,5
93651,4
439381,4
888453,5
396633,5
1516861,4
1026184,4
1565178,5
1112248,4
1565408,5
66626,5
1217419,5
986779,3
1566343,5
1610097,5
111601,4
1589499,5
879462,4
142564,5
571366,5
1142334,5
1344817,5
69909,4
308001,5
988336,3
453435,4
147616,4
1425309,4
1446677,4
678019,5
3747,5
1112546,5
975011,4
1567304,5
660909,5
948071,5
1214674,2
1342112,4
1363571,5
100858,2
926519,2
416589,3
1615230,5
687253,5
385618,5
54552,3
693222,3
667742,4
256810,4
1236854,4
361128,4
86308,5
110727,4
558771,4
1187693,5
257547,5
219850,5
1074733,5
1305684,4
23539,5
901368,4
253212,4
1375222,4
125030,5
1575237,4
1118033,4
1030892,4
1340172,4
74961,4
834480,5
1354922,5
977747,4
1137,3
403073,5
1095891,5
1506655,3
1437454,2
1578111,4
1604390,5
1613911,4
1110505,4
1277276,5
365851,4
482864,4
666302,5
635716,3
140467,4
1096670,4
1064956,4
1496462,5
1406825,5
243172,5
1398623,4
1124750,5
840513,5
832162,5
413893,4
1319253,4
1281671,5
23490,4
1553498,3
1684400,3
1064462,1
612291,5
330223,4
914506,4
833395,5
379765,4
1241725,4
397169,4
1617790,5
900038,4
962269,5
1637277,5
262846,4
646947,3
199381,5
1544609,4
729969,5
1154738,4
328439,5
1632470,4
1179663,4
1409759,5
1443926,2
1265601,3
1547391,5
1629789,3
1087793,5
1151432,5
1421027,4
1215050,3
810769,5
889960,5
1545981,5
1005463,2
1608340,4
164382,4
1613368,2
89801,4
1192499,5
592472,5
314917,5
1165456,3
94268,4
1598375,4
1631249,3
1520873,5
1492405,4
1448835,3
1425028,5
893231,3
275698,4
155968,5
1278031,3
1357603,5
935652,4
1560734,4
759657,5
1353455,5
443588,4
1573207,3
817129,4
1010817,2
1525701,5
265832,5
1690239,3
902617,5
936827,5
370602,4
1080753,4
936178,3
1399398,5
580052,5
293548,2
172421,3
556124,3
1218235,4
811876,3
128943,4
428514,5
861326,3
1505250,3
1015707,4
918029,4
759118,5
358953,5
1103692,4
1099945,5
374811,4
1530485,3
1435604,4
53955,5
939739,2
14604,3
537879,5
183668,4
1453977,5
254630,5
1042203,2
1498586,5
722913,4
8764,4
758673,4
371588,4
1599401,4
820545,5
1117631,5
94817,5
1400462,5
104878,5
1103396,4
437967,3
1426581,3
487256,4
1128304,5
25377,4
32766,5
834953,4
519822,5
685288,3
833900,5
408148,5
1022925,4
399412,5
1388388,4
1041788,5
445252,5
1527639,5
520189,4
581091,4
805779,5
1232373,5
229713,4
962104,1
1025481,4
1321011,5
294021,5
127994,5
693231,4
718941,4
1511306,5
725174,5
1555211,3
351543,4
1195949,4
119633,4
959259,2
216789,5
629411,5
33103,4
667864,3
560412,4
1154295,4
1382077,5
295991,4
1347128,4
307395,5
1528556,4
959759,5
1585675,4
528082,5
194523,5
199651,5
618727,4
69226,5
1202626,5
883986,5
844585,3
1444561,5
423031,4
1182969,4
1022211,4
1224050,2
1646392,5
1683556,5
1098925,2
916128,5
756410,5
679516,4
852079,2
168106,5
292095,5
1021991,4
1606469,3
91601,4
1332830,3
62067,3
11168,5
193879,4
469052,4
1388037,2
884339,4
797716,5
1539483,4
758858,4
668331,4
529680,3
1521994,5
1497860,3
584975,4
698098,4
398522,4
285283,5
1068840,5
1623876,4
1111725,4
1206823,4
1579722,3
1118825,3
56867,4
533714,5
958020,5
301762,4
863735,3
991576,4
1546907,4
657567,4
570494,4
579094,4
1559223,4
57168,5
1213112,4
770523,5
853636,5
495999,4
145220,3
1471069,4
681223,5
740184,5
901909,5
1446835,4
106199,3
499733,3
675716,4
1265471,4
508524,4
1139902,4
670919,4
1372167,4
554975,4
1165594,5
221149,5
308610,5
1493999,5
1074033,5
1191877,3
366730,5
928996,4
286782,5
446310,4
1661076,5
580929,4
105754,3
376750,2
279173,5
895889,3
1604379,4
242829,5
562460,4
1103742,5
91640,4
1198093,4
707738,5
72965,5
267962,2
592203,4
1026930,3
854653,4
1109570,5
1027447,5
282460,4
333439,4
584835,4
624022,4
654379,4
1610646,5
374410,4
799821,4
1003732,5
652530,3
1381770,4
61217,5
158960,4
1693969,5
131545,5
175885,4
1684255,4
397731,3
972596,5
1479484,3
859744,5
1241107,4
503095,5
1160249,3
595337,5
1393684,4
1432507,4
1516210,4
953158,5
798762,5
1071855,4
69158,5
1091162,5
1605894,5
1609235,5
1486708,4
29854,3
93080,5
169921,5
1183209,4
211376,5
487206,3
745796,5
315667,4
200580,4
1455598,4
384853,2
244314,4
1689709,4
1656707,4
1196856,4
1289821,4
211326,4
1509129,5
249812,5
1143930,4
1661145,4
1679629,4
670627,5
633635,4
660134,4
597470,4
1386849,4
1502970,5
96263,5
202149,4
602913,5
1519835,5
333803,5
1487381,5
696491,5
1293452,4
1235188,3
1517758,1
667537,3
909364,4
685995,5
704733,4
139541,4
791224,3
549442,4
1301074,2
407499,4
234119,5
769859,5
729797,4
498075,5
231688,5
1539237,5
434229,5
1595713,5
1184874,4
550133,4
4133,4
491578,4
1518135,5
389154,3
1284192,5
909020,4
1562182,4
555046,3
479826,5
247702,4
1640739,4
1412305,4
252265,4
1551734,2
726143,5
665062,4
441835,4
1051443,5
471918,4
1612692,5
216681,3
293650,5
793308,5
660563,3
1551966,5
1576506,3
368317,3
117895,5
449834,5
836408,5
1230866,4
508705,4
1504136,3
1631992,4
1559904,3
439162,2
1695709,4
1291455,5
1132067,4
297662,5
1274057,2
309554,5
1570235,5
791937,4
1014356,4
401383,5
813928,4
591522,5
910394,3
700320,4
430651,5
800428,2
1607650,5
1604294,4
1231659,4
1125493,5
1474693,4
374363,4
1225589,5
991523,5
1258087,4
1037499,4
1292048,4
795098,4
685933,5
1016327,5
883961,5
811776,5
1572235,4
1497074,4
611074,3
1425457,4
316647,4
922614,4
1250885,5
462954,4
1267018,3
297967,5
40590,5
174681,5
219758,4
1134925,4
1660725,4
215488,3
966168,4
366274,3
347370,4
136799,5
328055,5
1378620,3
1489806,5
607124,5
1333142,5
1679346,4
708556,3
1366543,3
1245320,5
1676777,4
1004400,4
752410,4
24364,4
372671,5
1581984,4
763979,5
1272232,5
974423,1
1489294,5
1096911,3
1394466,5
277357,5
1589623,4
1062548,2
186035,4
1294482,4
270164,4
930642,4
1137315,5
1180329,4
988200,5
1439396,4
1311497,5
1475433,4
663502,4
43311,4
504582,4
658813,4
452259,4
1415129,3
112882,5
1168361,4
124469,5
1234368,5
1152882,5
656564,4
399914,5
1340080,5
682535,3
239030,5
513500,4
479307,5
323838,5
1350487,4
1696562,4
752529,4
1431702,5
1026842,5
1066124,5
1380155,5
735689,4
441391,4
814621,3
695163,5
325846,5
951696,4
1679181,3
1564533,3
960398,4
256614,5
1560423,5
118450,4
959876,5
614734,2
7025,3
1653590,4
920227,4
1547019,5
358524,5
1553659,5
362825,5
626333,3
722841,2
306738,5
565681,5
1283700,5
308537,5
206833,4
19862,5
92605,5
347047,3
1375879,4
855221,5
808553,4
1679584,3
608838,4
1397900,5
905326,5
1071937,4
1372783,4
1105374,2
539442,5
987359,3
1318329,5
850539,3
98544,4
1237820,4
449865,5
1359247,4
1314133,5
649881,3
1073378,3
1580726,4
640679,5
87437,4
375285,4
1579826,3
912753,3
1525322,4
336405,4
1468962,5
319122,5
1479505,3
1272106,4
731510,3
1486739,5
1158630,3
1418222,5
1329111,4
1035596,4
549211,3
1168168,3
1279198,5
1381939,4
246582,5
1026030,5
564909,5
679490,4
869272,5
602740,4
577097,3
1354223,2
400387,5
1255458,3
1189959,4
849070,4
421244,4
1005460,4
228213,5
1157454,4
268929,1
381506,5
967965,5
209015,5
1086455,2
929167,5
558377,3
494051,3
213800,3
120159,4
1086111,5
1188204,5
859714,5
1547237,3
118150,3
986405,4
750667,4
581244,4
874073,4
651883,4
789290,5
928729,3
843750,5
1064640,5
929826,4
170498,3
992800,5
305223,5
1453341,5
32049,5
909104,5
1287917,5
1095618,5
1635966,3
1395469,3
319632,3
255256,4
572012,4
1070363,4
15864,4
82308,5
77227,4
1164616,4
1450617,4
1334224,4
1589079,4
827545,5
441280,5
116963,5
1144284,4
1276844,4
715127,4
169988,4
1274933,4
1187596,4
826891,4
1537499,4
1036121,4
393250,4
26549,5
179911,5
491126,5
1662620,5
250988,4
439913,4
99368,5
895755,4
699546,5
816276,5
735340,3
1488379,4
528139,5
426664,5
393577,4
1304626,5
435982,4
818504,5
749674,5
193547,5
1519648,4
276394,4
394209,5
595564,4
1109419,4
1165431,5
604419,3
1103875,2
83684,5
308360,5
7729,5
1447192,5
839708,4
97167,5
652112,5
815880,4
1303834,5
1572999,3
974615,3
87575,5
1223330,3
1089903,4
475085,5
538585,4
1449282,2
443978,4
1258172,5
1615881,5
570904,3
525403,5
567227,5
987095,4
828473,3
776299,2
794468,4
1526323,5
1015503,5
599308,5
50378,5
186852,4
842836,5
1599822,4
1275374,4
446832,4
452473,4
930003,4
802776,4
1512631,4
750355,4
894743,4
1354198,3
985060,5
745142,5
1061355,3
198164,4
1612844,5
1214850,4
256595,5
619606,3
532776,3
900565,5
1616518,5
1386238,4
1551108,3
351800,5
41681,5
997243,3
245085,3
665275,3
70269,5
1323483,5
32152,3
885214,4
565175,3
94395,4
1659068,5
145081,3
1631589,4
818135,4
1244192,4
840745,4
1508832,5
1398585,4
807602,4
155620,5
731442,4
1618140,5
918081,4
1515585,2
389200,5
1631100,4
94470,5
269911,5
76937,4
1559941,2
302667,5
735280,3
502168,4
974201,3
57997,5
447415,4
1190965,5
819483,4
636905,4
961144,4
1507939,5
1267862,5
277196,4
1343511,4
1124555,2
465467,3
687487,1
302145,4
1684415,5
1332927,5
1010674,5
818488,5
1666344,4
914150,3
905594,4
1658002,4
737028,5
1111180,4
680505,3
1119304,4
474023,3
1537001,5
405442,5
1654503,4
394781,5
1414202,3
319177,5
1350807,4
816001,5
250278,4
1677824,3
634347,5
1404936,4
500379,4
1150731,5
701414,3
1580412,3
404065,4
200396,4
1214723,4
1523717,4
66832,2
835545,2
849615,5
1028285,5
232941,4
484466,3
1441619,4
249282,4
455518,4
358851,5
1520700,5
440286,5
1603593,5
1001578,4
692792,3
26531,3
1090334,4
302311,5
856431,5
790647,4
1118579,2
911690,3
828972,3
1360945,4
685922,2
1231375,3
883473,5
1071204,5
1002553,5
651873,3
908012,4
453523,5
1306038,1
924835,4
137731,4
248083,4
234828,5
1385203,2
75697,4
305567,4
853508,4
40557,5
1572704,5
1552889,4
1610732,5
1483605,4
1693774,5
1275947,5
722254,4
159234,3
1163822,4
951176,5
848151,4
1187022,4
988417,5
1595532,4
301945,4
709815,4
689977,4
967003,5
299885,3
1453982,4
956953,4
884188,3
434868,5
910108,5
204238,5
845123,4
503998,4
1438309,4
1437973,4
1194655,5
910968,4
732515,3
357088,4
1326720,4
1313233,4
217101,5
1299739,4
1145958,4
1537105,3
784621,4
742566,3
412023,4
1297678,4
1693585,4
57859,2
207594,4
214138,5
1187711,5
1632017,4
1087067,4
676315,5
117236,5
644557,4
1491941,5
635762,4
1481702,4
1456128,5
514363,5
85160,4
700766,4
1012411,5
694340,4
1291894,4
605630,4
383474,4
85052,3
245014,4
1459303,4
916604,3
570862,4
1043570,4
174015,5
1626542,4
438616,4
443694,5
565989,5
1245188,5
507410,5
1332904,2
888898,4
132192,4
1282921,4
1091955,4
1681019,3
1338239,5
1556405,5
259907,5
582090,4
1173328,5
978918,4
1107954,5
1140662,3
347104,4
516805,5
972229,5
1230768,5
562038,4
268343,5
68561,5
904532,4
1685440,3
157102,5
56803,3
1023130,2
1234691,2
530336,4
131361,4
1569538,5
98922,2
306808,5
896443,4
414253,4
229083,5
642209,3
924587,4
832458,4
134212,5
1330534,5
183818,2
168670,3
710936,5
728969,4
1282899,5
238317,2
1401097,3
1319545,4
687782,5
1354071,4
447549,4
51979,4
1133377,4
810372,2
865270,4
759638,4
1541723,5
141919,5
479964,5
600792,5
1532927,4
1174030,4
1442166,4
1188928,5
1482283,4
105163,4
724686,3
77181,5
1372300,4
441306,4
491412,5
1537884,3
493789,4
1343630,5
837158,3
409209,4
1225901,5
968848,5
621484,4
516938,4
1399307,1
799179,4
885442,2
95237,5
630254,3
853910,3
1361591,5
1131680,4
44421,4
208499,5
46369,3
1252278,5
998197,4
1569649,4
667484,4
1105796,5
1550013,3
47456,5
1029009,2
940934,5
758880,4
74484,4
1641781,4
1021256,5
1308275,4
990318,5
1015145,5
1685614,2
1376105,5
1194946,4
1127313,5
910368,2
742229,4
1120993,2
1166356,4
865919,4
1128895,5
732269,4
1380092,3
1129939,5
954260,5
83176,5
975315,4
653823,4
1068943,4
1080670,5
1274841,5
759483,4
691545,5
1401801,3
473415,5
1640392,5
299623,4
909119,4
918982,4
536548,5
473418,4
1068758,3
691111,4
344887,5
1528107,2
571511,5
1481903,4
789135,5
1518283,5
1181843,5
1507076,5
1436189,5
16383,5
853383,4
1629338,4
1044413,5
650589,5
672157,5
454691,4
895732,4
1098624,4
377074,5
1210691,5
1293263,5
640977,4
774475,5
1067129,5
962687,4
1637128,4
202070,5
516771,5
1082881,4
770142,4
266322,5
627153,5
1530297,4
789188,4
555492,1
1489048,4
406987,4
1018827,5
1119429,4
1083769,5
452822,4
133819,4
394442,4
62137,5
1436540,2
1601449,4
624565,4
1053673,5
1134122,4
699508,4
1577322,2
36225,2
21577,5
1677709,4
1534597,5
277341,5
1594874,3
1507628,5
1576021,5
168900,4
998915,3
1146352,5
34875,5
1133951,4
564695,4
346290,5
1630926,3
1033397,4
969593,5
1240012,4
582170,4
1580702,4
329414,5
407962,5
124751,3
1344558,4
843291,5
427798,3
1541292,4
579627,4
884326,2
57312,5
737196,5
742419,4
1485348,5
237744,5
188446,4
587152,4
298724,3
1004479,4
735672,4
320156,5
31277,3
1472246,4
1398335,4
1221630,4
1048554,4
234149,5
1570977,4
1365194,5
458515,5
1583278,4
1486100,5
1261863,4
1498987,5
1137048,5
741013,4
109001,5
1335589,5
308409,4
1481922,4
1049858,5
1128333,3
403063,5
1049768,5
1094432,5
699673,5
241963,5
1417509,3
609860,3
216506,3
349214,4
878383,5
922619,4
742520,4
799764,3
737970,5
5866,5
1042026,5
1007661,4
649833,4
780471,3
1049763,5
1285377,3
799704,5
1025597,4
705687,4
1688039,4
353828,4
1641323,5
701741,4
1017114,5
1399384,5
1498452,3
493957,4
400611,4
413784,5
1554269,5
683184,4
745269,4
1010689,4
569078,5
817560,5
1323846,3
565803,5
803392,5
679172,4
1410490,3
1659474,4
336278,5
854344,4
146354,4
1502562,4
193154,5
852818,4
817856,5
1395872,4
1026759,4
1260852,4
1507875,4
1041675,5
301083,5
980688,4
476429,3
1013462,4
1224327,4
370603,5
928293,4
1210039,4
673459,3
751348,4
200412,4
628234,4
1263221,4
1382004,5
586502,3
1282091,2
588404,4
105069,5
1160744,2
597969,4
90223,3
374142,4
1049846,5
891153,4
558279,5
472265,5
662904,4
1090489,4
1181579,3
522293,2
1687894,4
258612,3
1431257,4
1488368,4
1176792,4
1234660,4
1250324,4
989956,4
793007,3
177532,5
487802,4
1360731,5
1106828,5
637472,4
219484,5
633581,4
486356,4
1373784,4
1167282,3
340280,5
750289,2
1321670,2
923282,3
1372053,2
1351262,5
471061,5
1545763,1
474816,5
421682,2
1205979,4
38748,5
283727,4
319749,5
725433,4
635891,2
1553835,5
433812,5
414583,3
224090,4
131033,5
756961,5
1597335,4
942882,4
500584,4
987662,5
437060,4
913158,5
48582,4
188680,4
239856,5
1610974,3
331907,3
1062935,3
1008375,2
547254,5
241694,5
606561,5
1491763,4
1215745,3
1007747,4
131866,4
138499,4
1565210,4
896410,4
1379797,4
1202474,4
1290302,5
625805,5
1069439,3
905410,5
661169,4
302671,4
463402,4
51485,4
517968,5
542621,3
1408502,5
342494,4
890636,4
1564233,5
367232,5
1049417,4
289130,5
326319,3
319831,5
896196,3
981360,5
825753,4
963922,3
854123,5
1037010,5
1428122,4
107277,4
619394,4
1633164,2
1593346,4
857930,4
625585,4
31485,4
802156,2
1672513,5
818265,2
1209316,5
436102,4
1075290,4
1177446,4
536187,3
710196,4
1217825,5
1622903,5
129494,5
588648,4
1476582,4
175943,5
243686,4
1307836,4
416792,4
707348,5
154836,4
943149,4
991237,5
572160,5
1629095,4
1601332,3
294662,5
592336,5
1032379,4
1645600,5
1042172,3
728871,4
1508065,4
506784,4
179571,4
1127770,5
931341,4
26267,4
730087,4
1684284,4
614593,5
68387,4
866702,4
709488,5
169500,5
1590488,4
1505552,4
1142468,4
1238896,4
1351628,5
364715,3
1515167,5
1251280,4
58752,4
220103,4
1429494,5
1214854,4
583374,4
856098,4
1041199,4
310638,5
905895,4
1138092,4
1336097,5
1504166,4
494745,4
677615,3
862181,4
837369,4
1560921,3
1482844,5
448321,5
1355862,5
1193474,4
701462,4
483342,2
470841,4
1346124,3
1013834,4
1395122,3
569229,4
1182153,5
640165,3
1406018,5
285064,5
668101,4
1482801,5
20218,3
608077,4
1518064,4
1218520,2
323802,5
739258,3
718472,5
1012557,4
481438,4
450205,5
523901,3
205212,4
1111549,5
338570,5
1411807,4
586615,4
1293866,4
748063,5
1567267,4
1663474,5
608965,5
1688281,5
574476,3
749031,4
274770,4
170363,4
543908,4
816468,4
1101066,5
1002537,3
1693584,5
325655,4
423841,3
1237094,5
345403,4
208078,5
627267,4
1325984,3
1602592,5
61489,5
156634,3
1444360,2
916399,2
1401116,5
1318737,4
646558,4
1055672,5
1229059,4
1334532,4
651403,4
1526965,4
392403,5
168947,4
288975,3
1617237,3
1684057,4
1474776,4
764871,4
209644,4
586795,3
1299638,4
1261979,3
4406,5
250805,4
233394,3
1187805,5
427810,1
107478,5
403225,5
741804,4
433102,3
218071,5
1144857,5
1004728,5
719916,4
705576,3
1414114,5
1049442,3
1078474,5
1461591,3
1689150,5
1043613,4
147667,4
1380417,4
523622,5
1088435,4
1658498,2
178263,5
574086,4
1545049,5
1039390,5
1686952,4
94615,2
13081,3
1041628,5
212893,5
52711,5
1004805,4
1193422,3
1183703,4
1183576,2
147187,4
1244900,4
187123,1
14754,5
591637,5
61315,5
1522927,4
996211,4
1643420,4
997416,4
1038352,4
1631619,4
899751,4
1410683,4
655576,4
204088,4
1085144,4
1392124,5
1428547,3
710185,5
1076698,5
541213,5
490209,5
674588,3
1137678,2
242778,5
1042565,4
260450,3
83367,5
313826,4
547613,4
1605010,4
666322,5
1516729,5
1476784,4
1538631,5
1332152,5
500698,4
1624240,2
935315,3
1158654,3
2634,3
1590719,4
1130302,4
709632,5
552618,4
1648369,4
1495609,4
1107165,5
94146,4
973181,5
1289241,4
275661,4
1525297,4
1324168,5
1499854,5
1247521,4
1110562,5
622158,5
269924,4
1666290,5
25510,5
845118,4
1321609,2
560044,4
287319,4
978825,5
955615,1
36204,3
1019839,5
1016577,4
857593,4
1311621,4
1081040,5
871214,5
1347083,5
1024185,4
1659031,5
999333,5
271580,4
645023,4
1420701,4
261574,5
451085,5
669597,5
920218,4
1095684,4
121049,4
688735,4
1088513,1
90726,4
247517,4
1534790,3
14685,5
1438794,5
714946,5
1213114,4
691495,4
1391540,4
229622,5
380549,3
143152,3
50558,5
686306,5
10715,5
198793,4
1529541,3
1530459,3
859896,3
1371023,4
137784,4
52721,4
926482,4
1021212,4
1539219,3
647125,2
97322,5
296445,5
685571,4
1214199,4
19916,4
1410308,4
19490,4
943269,4
1212814,4
44070,5
701024,3
943709,5
83428,4
1050553,3
701860,5
1235286,5
363289,5
1618091,4
237930,4
1357711,4
1584408,4
266220,5
111317,1
1691747,2
269082,5
1315642,3
473180,4
721689,5
661623,5
459446,4
1130268,5
1530980,5
819479,5
1459338,4
710277,5
630044,3
303720,2
42675,5
1459912,4
978524,4
749540,5
1195683,2
929142,4
924898,2
473509,4
1460698,4
107254,4
607063,4
1596831,4
614303,5
1133866,4
519708,5
709273,5
1037937,4
619134,4
837582,5
696918,5
400695,5
1558445,3
338560,4
982878,5
1094918,5
1503512,3
409866,4
1032891,4
32528,4
401355,3
363450,4
1030701,4
190242,3
1028462,4
1591478,3
1078096,4
1313350,5
1398515,3
760836,2
1498280,3
820506,5
1209780,5
1568253,5
242158,5
585153,2
1556605,4
695145,4
293688,5
1093684,4
991248,5
482156,5
585026,5
433050,5
488492,4
1264526,5
1270930,4
1650929,4
403224,3
1404156,2
1144045,4
1624000,3
1166604,5
1150072,4
1205512,5
586365,5
1445363,2
1582830,5
1193866,4
820089,2
826933,5
840967,4
846330,4
832671,4
59058,4
369407,5
820332,4
728961,5
525191,3
646150,3
512564,2
1153994,4
551768,5
1419619,3
994917,4
383161,4
490684,4
1091924,5
524650,4
795504,4
1270366,3
638922,5
1675534,2
1450667,3
1101993,3
1216080,5
405585,5
1254135,4
1168071,4
1678712,5
1552927,4
1065566,2
415350,5
614118,5
1078332,4
659470,5
997510,2
1654352,4
51983,5
702417,3
1345641,5
665794,5
1656159,3
492657,5
1270265,2
424585,5
146014,3
509880,3
1011203,5
1032871,4
538537,5
844772,4
903723,5
518131,4
1131675,4
1132625,4
391592,4
1017565,1
1599679,5
534673,4
873766,5
287146,5
826153,4
151639,5
894980,5
782777,5
118918,3
1538743,4
1451848,4
1665316,4
927998,3
903393,5
1384749,5
668848,4
1065995,5
632275,4
1199731,5
1075464,5
478685,5
1317321,5
1480594,4
1006435,4
1182514,2
1029308,4
1547045,5
364459,4
633596,3
426821,4
287151,5
577838,5
1690,4
31374,3
76117,4
65242,5
545741,4
289900,5
1508468,3
34086,4
1204663,4
578207,4
581370,4
360780,4
597073,3
305258,5
1481991,4
1034120,3
242556,4
1638518,3
315823,5
454596,3
1401474,2
1397941,5
555383,4
328675,4
522623,5
1029892,5
242635,4
1335513,4
1347763,4
294122,4
344349,5
87527,4
1570152,4
873307,4
1212995,4
309560,5
949151,5
662519,4
769653,5
1060754,4
1412756,4
1179832,5
1068665,4
1233969,5
1158775,5
60664,3
610689,4
811828,3
629287,5
1313867,5
648807,2
1297441,2
822030,5
443826,4
538062,3
1325335,5
1279980,4
1589109,5
388498,4
395291,4
1177640,3
148030,5
1503769,4
1344274,5
1693330,4
174557,5
1070919,4
1314532,5
849847,3
1532042,5
824983,4
1518210,2
1548391,4
184014,4
1375264,4
1123054,4
419648,4
1206269,4
155031,4
695764,5
1109889,4
217218,5
868583,5
775743,5
644100,3
1556387,4
1522609,5
1071036,5
1249024,4
1601499,5
548572,4
619379,5
37029,4
493747,3
268190,5
1431521,4
699645,4
1536504,5
1093465,5
1431107,5
898350,4
1132178,5
972949,3
1189305,4
574863,4
17166,4
1586341,5
1102471,2
1336325,5
1177546,4
310213,3
1184648,4
833791,5
1494400,3
419422,4
700048,5
778897,5
691157,4
1293030,4
430444,3
1643220,3
1499621,3
1146607,5
1412928,3
1505158,5
1258470,4
1072332,4
874398,4
1422359,5
138829,5
1618026,3
1222884,5
1543001,4
1670184,5
1534754,4
363843,5
1342678,5
197574,5
944520,2
1387627,3
1429864,4
716998,4
553176,4
987187,5
213000,5
333905,4
262585,4
896336,4
24419,5
694819,5
1456950,2
912807,4
328548,5
963345,4
1479812,5
1164503,4
1245743,4
880582,2
599417,4
1467288,3
430023,3
260552,5
279487,5
186136,4
892419,5
1266947,4
1172916,5
791195,4
1239360,4
1399754,4
112082,5
616265,5
1337620,4
1614081,5
292831,5
1180406,5
374613,4
154612,4
289619,5
243474,5
1662843,4
368379,5
1129976,3
149287,3
237178,3
370500,4
1220480,5
1455914,4
1572839,4
1002923,5
1140555,4
1421946,5
267083,4
1241278,4
781127,5
1684916,4
44464,2
1647015,5
6201,5
1049892,5
511911,4
1069904,5
1268382,3
473956,2
791995,4
629455,4
865940,5
132524,4
934645,3
1043186,4
1631283,4
815397,5
25376,4
137771,5
1582223,3
1449304,5
384628,5
799221,4
1026756,4
1301859,4
587251,4
794216,4
1048213,4
531756,4
689043,4
1205750,4
1428812,4
1687500,3
237748,5
701442,5
1335159,4
1377657,4
1545095,5
602939,5
835710,3
281315,4
1645647,5
560706,5
1224744,4
402428,2
1525235,4
1147065,3
952881,3
821402,5
718265,4
30347,4
115654,5
1126544,4
1468007,4
782770,5
820181,4
343896,4
110612,4
1041506,3
1008382,3
146967,5
1583826,5
1338608,4
1054482,4
1229091,4
124652,5
137234,4
560637,4
51665,5
1018638,5
121533,4
403922,4
19868,5
1298338,4
1373316,5
178748,3
1520706,5
632444,4
90468,5
874278,5
1003019,4
1690724,5
441932,5
554328,5
1540319,4
989249,3
971196,4
542426,4
1475356,5
1115220,4
5648,4
1540661,5
539559,3
1393196,5
1017131,5
1069322,5
1480125,4
804156,4
980900,4
1575621,5
169592,3
1192360,5
1173814,3
1516442,3
1257962,4
868031,5
1505278,4
1633657,2
1106151,5
49377,2
148940,4
365512,4
55688,5
1603507,4
1536170,4
193709,5
1393692,4
331879,4
66528,5
53441,3
1308303,5
1201427,5
582893,5
1224447,3
89459,4
1089548,4
1031011,5
687269,5
132212,5
1572929,3
1278073,5
438158,4
267821,4
1414979,5
876075,3
1491409,4
1579173,4
1624163,3
1192503,2
542002,1
1344720,4
120540,4
1405387,4
478116,5
1521234,5
598496,5
496369,4
1347490,1
662025,4
1207664,3
1193701,3
1425662,5
892111,4
832431,3
927269,4
1153257,5
499020,4
192742,2
1204924,3
246603,5
1350873,5
1474798,5
127931,4
393094,4
1052184,5
835281,4
978889,4
346120,4
414587,3
286844,5
643004,5
1318641,4
1392560,3
326569,5
1152183,3
586843,4
1566878,4
269277,4
1333714,5
551532,4
1179060,4
1068679,5
749164,5
1402320,5
1562830,5
694231,4
1644511,5
823567,4
1488928,4
372734,5
1559510,4
461775,5
1634417,5
1204627,5
881288,4
658012,3
1449160,4
888822,2
1590400,5
1620724,5
284491,5
1126003,4
267079,5
901224,3
1122860,4
1313051,4
1259421,5
1600693,2
1494693,5
195722,4
621486,4
1523018,5
358588,5
1138727,4
622331,3
379300,5
1001940,4
1552877,4
821870,4
405540,4
329839,5
1055700,5
309869,5
377513,5
404219,5
1067806,5
58061,5
1440870,5
707559,4
811608,4
1155289,1
330752,5
990832,2
495731,5
432114,5
432772,5
560636,5
1137515,4
1681030,4
801537,4
2094,4
614264,3
537450,3
207613,5
759523,4
136499,3
1531080,2
1026161,4
1466938,1
615285,3
1677774,4
1224819,3
730708,5
712889,5
1469247,4
1446389,5
139832,5
307386,4
702377,5
1116501,3
714275,4
1603560,3
1510262,3
1184311,4
1100542,4
1154051,4
685919,5
541561,3
1303479,4
819969,4
1095672,4
618244,4
706971,4
647590,4
1636183,4
1649852,3
1170018,5
1242411,5
1044815,3
951618,4
1489111,4
1124173,4
414633,5
1171910,5
1103685,3
123523,5
1685427,5
1124175,5
1652099,3
1529362,4
564981,4
168221,5
165921,5
1220651,2
1151394,3
920129,5
724336,3
499417,4
785446,5
558334,4
879819,5
1551754,4
1314354,4
1275341,4
1202934,4
69457,4
1037307,4
1162166,4
1570784,5
610420,4
1595928,5
79623,5
1489755,4
1451438,4
900873,5
914522,3
1570065,4
681966,4
517509,4
877450,5
1577340,4
660472,4
602640,4
744313,2
258674,4
1037096,4
113252,5
1500520,5
1550178,3
1450553,3
577076,5
1174738,4
1365077,5
446866,5
227193,5
448387,4
1013908,5
203217,5
554551,5
701390,5
278946,5
1438167,3
1594305,4
1530409,5
874004,5
266519,3
773718,4
1271238,5
452893,4
1605197,4
63880,5
823013,5
202488,5
380822,4
207537,5
921577,5
928382,4
1174816,5
1170732,4
927970,4
132240,5
963865,2
1685808,3
230230,4
68729,3
1430050,5
996091,5
1604424,4
874698,4
1322184,1
429262,3
1650569,5
847538,4
787215,4
768714,5
407692,4
1568849,5
1298123,4
1453677,2
1135639,4
1411141,4
1680238,4
190556,4
1141049,4
1559136,3
1167469,5
152277,5
846889,5
840399,5
1542450,3
216137,5
345545,4
1649657,4
578849,4
292390,4
1590491,5
587897,3
1064213,3
316330,5
1632800,5
800472,5
1397669,4
1103455,3
1342215,5
700896,5
233647,5
1095407,5
372016,5
1468155,3
429524,4
1000027,4
385772,4
1376318,4
1008829,5
603164,3
1188402,5
533541,2
381163,4
1631308,4
1094344,3
1193138,5
162239,5
817191,4
688898,4
1433504,5
363371,5
431535,4
912801,1
602491,5
612654,4
166941,5
1662092,5
964363,4
655966,4
273072,5
279234,5
1370355,4
8620,5
59879,4
234421,5
121537,5
967298,5
94086,3
881106,4
1691307,3
1314772,5
982513,4
1609955,4
291675,3
78388,4
547597,4
450268,4
1574682,5
531052,5
880190,4
851091,4
757782,5
1410663,5
65094,5
423768,5
1618866,2
1203604,5
923814,3
890164,5
507681,4
443733,5
1077778,5
1294453,5
26724,4
338708,5
885,4
1184490,4
1481818,3
1429052,5
640838,3
63325,5
1562339,3
1429231,3
1596428,4
1090984,4
732524,3
1371579,1
1497193,4
1536873,3
465702,5
252810,5
1480439,4
1304497,5
1240923,4
1515059,5
1054496,5
906236,4
865313,2
241414,4
1623550,2
718236,4
957024,4
1173941,5
329730,4
949040,4
138249,5
1595330,5
1250660,5
1430880,4
824003,5
1569172,4
943452,5
501364,5
782371,5
36294,5
223135,3
258671,5
530392,4
838754,3
1161211,5
193884,5
927340,4
1265854,5
515481,3
898518,4
59588,4
581236,3
122180,5
1328771,5
880854,4
351277,4
1242909,4
1218293,4
787987,3
498454,5
680211,4
99994,3
49276,4
128749,5
612317,5
315284,4
966938,3
676397,5
1688720,4
533268,5
625653,4
197583,5
75381,4
780139,4
993571,3
717513,5
585353,4
1158203,4
8831,3
1307173,3
456822,3
1453869,5
772625,5
1223430,3
921052,5
1053527,4
1160675,4
367652,5
496441,4
1640703,4
687711,5
1396105,4
1467490,3
1688440,3
193736,4
1237005,5
1560647,3
950647,4
1239694,5
1204374,4
908873,5
481159,4
1669286,4
1564,5
526228,4
938797,4
1409610,5
824219,5
492886,4
290551,5
565195,5
1122801,4
1115226,5
931097,5
351692,4
454249,5
1207053,4
1065866,3
1066477,5
1287595,3
1469249,4
829756,4
1679562,4
496711,2
1394244,4
673501,4
211421,5
1543414,3
273611,5
1623444,3
886161,4
945932,5
402913,5
1633471,3
1293772,2
1238852,4
206434,5
1646936,2
993842,4
1608878,5
1197181,3
1008428,4
593575,4
1024260,4
1242666,4
737989,5
78833,5
1210609,5
46692,4
626565,4
778339,3
1616369,4
770525,5
741233,5
596071,5
239602,5
991198,4
1029778,4
1548191,4
1645106,5
1251031,4
1210469,5
81934,4
361357,3
133900,4
756618,5
550643,5
1243728,5
904871,5
699240,4
884130,5
695808,4
916289,4
4250,5
1089793,4
1677025,2
23217,5
407514,4
1401119,4
1337459,5
1447358,5
171734,5
919723,4
728134,3
1507648,5
1097344,4
1618209,4
1632768,5
56403,5
1296413,5
872155,4
1349062,4
1340467,4
1240599,4
575063,4
979289,4
1647323,5
480562,4
1463821,4
745557,4
251934,5
357046,5
1036432,4
256863,5
1382766,3
955256,4
1150946,5
99459,5
371080,4
345340,5
1523735,4
1428815,4
665464,5
64187,4
925619,5
380095,4
1080690,5
15187,4
1380637,3
677151,4
480350,3
1423921,4
264604,4
1073040,5
1358992,4
817503,2
381541,5
527421,4
1391728,5
1376900,4
760384,4
190009,4
1333930,3
1182827,4
250920,4
1434010,3
506803,5
599662,5
4645,4
86521,5
523790,4
834631,4
1033198,4
449089,5
744459,5
220111,4
690844,3
1007397,5
1641499,3
984056,4
1341091,5
1644832,5
925349,4
8330,3
1393378,5
1370688,4
1176277,4
970570,5
1174308,5
1029988,2
1291803,4
890772,5
24846,5
563642,4
1575669,5
629258,4
484455,4
704914,5
783969,4
270902,3
1632845,5
116820,4
1537167,5
898789,5
433040,5
1564903,4
915453,3
200490,4
1004487,3
29135,4
1587385,4
736167,5
1083453,4
1493409,5
354016,4
102595,5
891175,5
179615,5
670493,4
445504,3
1581046,4
673370,4
1385890,5
884923,5
1055979,5
445452,4
458387,5
176419,5
359465,4
1475986,5
334992,5
1437285,5
967432,5
405635,5
418443,4
681067,4
151922,5
662835,4
131792,5
1363413,4
1070134,4
446457,5
1291784,5
1403031,2
764751,4
501481,4
233421,3
229103,5
235883,4
1073376,4
511940,2
362225,3
1435045,3
1085238,5
421609,5
1494220,5
669839,4
231315,4
91771,4
157379,4
430829,5
675641,4
1309809,3
440105,4
713101,2
1569384,5
1156042,3
1350788,4
1011489,5
1257067,5
1217975,4
787000,5
1002408,4
894238,3
1217156,4
1345924,2
644148,5
1566521,5
778710,4
619284,3
704317,4
320510,5
1023233,2
873077,5
1326400,5
788263,5
284189,4
1527425,3
1107360,4
1454038,3
1534280,5
954364,5
1333875,4
1019198,4
1191516,5
433744,4
141930,5
373440,3
376057,5
175728,4
94314,4
293154,4
715134,3
953002,4
1121496,5
1028105,3
905411,4
1530685,4
1159036,3
69944,5
1160848,5
824630,4
681758,5
1516670,5
1366388,5
1621697,4
309603,5
938480,3
634893,5
1261814,5
147020,5
899006,4
521848,4
706489,4
1411339,4
647002,5
1057962,4
187233,4
418808,5
800270,5
1073363,5
776666,2
447150,5
1348235,2
1611689,5
1555076,3
1357776,4
1412067,4
1429305,4
591182,5
1426086,4
623015,4
744454,4
1349801,3
1025164,5
356197,5
490456,3
1197774,4
473441,5
1153493,4
818025,5
147821,5
370314,3
1490979,3
1153598,3
1177175,4
1539652,4
592831,4
1017190,5
1561539,5
1144321,5
453764,4
1498057,4
329173,4
1567402,4
89950,5
718835,5
1511203,3
1536387,3
198521,5
649490,4
48900,3
897454,3
1686960,4
1592889,3
313239,4
552922,4
339701,4
617781,5
863228,1
468049,4
17148,4
345619,4
1078081,4
162099,5
739346,4
991488,4
1555361,4
237791,5
701939,4
1379547,3
1351934,4
1622299,3
1456086,4
142157,2
924693,4
279662,4
545898,5
1365628,4
154440,3
53889,5
297255,4
606555,4
584345,4
1497879,4
402071,5
1243776,3
1543809,4
1362182,5
389945,4
1345498,4
1396833,4
279223,5
945492,4
215206,5
801616,3
417712,4
1505299,5
1311738,3
672567,3
1522810,3
424543,5
901293,3
4801,4
614179,4
147803,4
1479133,2
1387803,4
49972,4
964201,5
753126,2
145179,5
621718,5
438323,3
569139,4
11074,5
86071,5
572159,3
680306,4
1515313,5
157051,5
1066561,5
1534004,5
1558058,4
1275595,4
726510,4
907231,5
1631243,3
42752,5
1231686,3
1597682,4
613896,5
44370,4
389690,5
940550,5
238201,3
571020,3
196232,4
1664469,5
758106,4
523560,2
1597737,3
601196,5
1062819,5
260442,5
1192094,3
488379,4
1587165,3
513751,5
1647443,4
1320357,5
344236,5
278324,5
311448,5
1090416,4
682206,5
661335,5
603266,3
62474,5
1305554,4
80820,4
1516317,4
10056,5
655434,2
245601,2
1232516,3
943229,3
906112,4
496148,4
1086575,4
1606956,4
1307217,4
1185134,4
1534871,5
561428,4
1386308,5
39295,5
292249,4
305095,4
909022,4
1398099,4
752296,2
1584102,4
1333388,4
921510,5
697863,4
1255846,3
513157,5
502846,2
652642,3
1279519,5
979921,4
806281,5
825978,4
956190,3
1208146,3
304453,3
1051621,4
644169,5
1061705,4
1656650,4
1282386,5
853518,5
1023557,3
34772,3
346858,5
1232193,5
1214526,4
1205768,4
1322847,4
482463,4
260893,5
1123485,5
894476,5
788718,5
681430,5
892300,4
397226,5
1620848,4
545506,5
8179,5
990282,5
74164,2
637816,5
1105145,4
1182086,2
1511986,4
1615127,5
1335032,5
822936,4
1314350,3
1230399,4
949709,5
52960,5
543717,5
668554,4
1692002,5
1462061,4
745007,3
406466,4
1325007,4
124727,5
1049243,5
5190,4
931439,5
100959,4
520337,5
491814,4
682800,4
1494723,4
514825,3
417845,4
341205,4
386884,5
703916,5
1010229,5
843685,4
1535764,5
496616,4
448657,3
1676754,3
302906,4
1196569,2
1022167,4
1102392,5
1410958,5
633516,4
1578298,5
1478581,2
712432,5
1443690,5
900413,3
151685,5
994920,4
651338,4
646075,3
1684514,4
220927,4
1094681,5
552702,5
385290,2
150662,3
1639393,4
891386,5
1579767,4
1488476,4
379632,5
710189,5
529423,4
146840,1
518621,5
1013199,3
641798,5
436787,2
1543664,3
371070,4
231840,4
1000249,4
1111597,5
826599,4
1425300,5
1340024,3
1366087,5
1640520,4
856678,4
561593,5
471791,4
1555060,4
569347,5
714425,3
927384,5
392889,5
782042,4
1298336,5
1045326,4
567989,4
514877,4
66321,5
1077825,5
1444497,5
89980,4
1617674,5
276109,5
29761,4
861916,4
1587359,5
1413366,4
1611673,3
1142830,3
524956,2
1357130,4
253087,5
1556780,4
774830,5
205304,4
7670,4
1229597,2
1129632,4
367756,5
151797,3
1520193,5
1293640,4
1390398,2
1533772,4
606628,4
1323394,4
1610322,5
1320440,4
1167286,4
1306225,3
564997,5
23617,3
1675879,4
794310,4
184860,2
908864,4
1540376,4
495241,4
1208124,5
524344,5
731467,4
759361,5
1460221,4
1629521,4
1628462,5
1604800,2
1432006,5
1651541,4
1591988,3
898225,4
453067,4
126877,4
480499,4
1205995,5
469448,4
972857,5
999001,1
1204176,3
941235,3
334239,4
732188,4
696342,4
914151,1
352949,3
1572702,5
597677,4
68081,5
1065014,4
1609425,4
1000291,3
1693043,5
1394299,4
955641,3
637574,5
1599018,2
1456147,4
1586491,5
599531,5
1211681,2
506794,4
628798,2
796232,4
594937,3
359195,5
115991,5
290094,4
1282023,4
364450,5
1523523,4
838762,3
1589897,5
1472693,4
1439103,5
946148,4
661362,4
546690,5
1061967,3
1081059,5
1624630,3
823471,3
1040389,5
261772,5
370638,4
1208915,5
111725,5
1016108,5
1316109,4
819924,5
796475,4
309109,5
86697,5
1600764,4
299565,4
1557561,5
473547,5
997878,5
1685197,3
176155,4
658599,3
1010128,5
1679796,4
338847,4
1144260,4
670339,2
1265356,4
1010862,3
452636,5
123631,4
695967,5
1470609,3
328545,4
510684,4
1291245,2
684366,4
823929,4
601288,4
199379,5
1367737,4
924963,4
462176,5
1431180,3
17257,4
1086369,4
475566,1
1280669,2
256802,5
1648057,5
340789,3
1150216,4
1102502,3
755786,4
1037849,4
503316,4
230454,3
915255,4
1236660,5
1346283,1
1466043,4
1223107,4
1387072,4
64806,5
541154,3
652195,3
817217,4
1312495,4
220793,4
500058,4
1672931,5
1220736,1
306611,3
1129309,5
959949,4
334707,5
931611,4
926893,2
372983,4
1298120,2
554960,4
409129,4
220987,5
908092,3
1513803,4
98888,4
261712,5
847609,4
1495479,4
791879,4
1546561,3
26146,5
1383160,4
27925,4
1235442,5
1642530,4
492265,2
1604609,5
383977,4
967234,5
682846,2
844868,5
94089,4
1318109,4
1298954,4
1054712,5
710671,4
234417,3
1151417,4
1176284,4
834891,4
1625887,5
856518,4
888889,3
452249,4
207161,4
1223271,5
1029256,4
1427178,4
1108308,4
1298964,4
1390421,4
1190220,4
1477175,4
122916,4
916153,3
363253,5
160549,5
407900,4
706667,5
1638552,4
1185723,4
1531301,4
247760,5
946324,4
1001470,5
1222001,2
913182,2
934529,5
59788,5
1490269,4
141088,3
1674603,5
1530128,4
1616955,4
1466840,4
629171,4
1208,4
1658636,5
1523203,4
947807,4
1043628,4
1665778,4
731012,4
251737,5
946505,4
1462221,5
1259330,4
1385996,5
955842,2
316081,5
524599,3
212468,5
1661233,4
1095994,5
1617685,4
353552,5
1279668,5
112360,4
869611,4
306628,4
609087,5
538629,5
1233689,4
1339012,5
584477,4
707313,5
1630919,4
1262449,5
523455,4
1587153,4
787775,5
1670090,5
1273895,5
170646,4
191669,5
142042,5
864078,5
1690522,2
1051012,5
700012,5
389194,5
1324964,5
178081,5
1319177,4
1670753,4
951847,4
1035748,4
687777,4
1151117,4
624882,2
1128713,3
1318436,4
1114656,4
705124,5
258261,4
1239088,4
691229,4
507894,3
514935,4
320032,4
1499795,5
123943,4
256758,5
1635949,4
54179,5
451468,5
32479,5
196290,5
528526,5
875406,5
453769,4
1432106,4
300620,3
762796,4
1069206,5
977336,5
280385,4
1200239,5
1541877,3
937495,5
1653156,4
1270706,2
416484,3
852993,2
304612,3
1587687,4
1121698,4
1498232,4
520212,5
248882,4
1147603,3
1274403,4
1631415,4
1183854,3
124691,5
357617,5
927965,4
1572803,5
882306,4
253880,4
1651559,3
1170780,3
266638,4
1312298,4
860040,3
523048,5
1472921,4
1601285,5
64079,5
253666,5
97862,5
559748,3
1035735,4
419379,4
653931,4
908402,5
1376698,4
592762,5
981102,5
271327,5
837139,5
1146338,5
276293,5
57083,5
906996,4
412958,5
1193104,3
2397,4
170017,3
549222,2
892809,4
54221,5
1313449,4
1666505,5
1315593,3
833177,4
264537,5
1366688,3
1203154,3
941873,4
492459,3
1236145,4
156301,3
305329,4
34389,5
1538815,4
1064487,5
925123,5
558098,5
428857,5
443743,4
126501,5
1166508,3
479766,5
114222,5
181101,1
839049,5
238715,4
1362500,5
134873,4
1074280,3
1379398,4
145110,2
1380226,4
686038,4
120260,4
1334773,4
1161495,4
615141,3
377993,4
1198483,5
796760,3
668585,5
1003724,5
335466,5
1088680,5
267534,5
1591685,4
1261135,4
1300800,5
1523349,4
1044182,5
932615,4
700246,4
1136716,5
1402175,4
699776,5
191783,4
1623092,4
1603682,4
1067528,4
136823,5
515196,4
1179195,5
592540,5
395659,4
57981,4
148776,5
1186011,3
482564,4
353885,5
635742,3
1352623,4
1394355,5
314080,5
1235491,5
36045,4
146537,4
1358734,5
825938,4
884852,4
747011,4
1305406,4
422788,5
561804,5
88588,4
952887,4
1637831,4
953061,4
185078,5
1008015,3
422023,5
1660662,2
76085,5
1004420,4
954305,4
1471805,2
68232,5
792083,4
1352171,5
1601416,4
1564450,5
459219,5
479396,5
1691025,4
988505,4
74934,5
706279,5
1237753,4
216272,5
1540698,4
663700,3
1324690,4
654918,4
136955,5
70103,4
633414,4
290684,3
1691614,4
462664,2
1242317,5
1028470,3
669612,5
1497971,5
1404603,4
1454915,3
299526,5
355635,5
847195,4
899718,3
1270061,5
573997,4
1548726,5
538312,5
377589,4
1669782,4
398794,4
1080002,4
1510332,5
1582304,3
83191,5
145700,4
711670,5
858546,4
1462744,4
1514645,5
1374735,2
1415897,2
1094498,4
1525519,5
75849,5
1677638,5
1297382,5
1175337,4
845281,4
212258,3
1038988,3
1324872,5
422236,5
1054929,4
217980,5
1196861,3
1239789,5
261386,5
243636,3
1629190,3
801251,2
780487,4
1540426,5
513308,5
333259,5
419620,4
1112554,4
1192429,4
739498,2
676964,3
1194592,5
1660596,5
1024860,4
358470,5
501398,5
296393,4
707241,5
977363,5
579997,5
1244371,4
374662,4
605270,4
212715,4
29106,4
1670937,4
491857,5
402871,5
489939,5
456869,4
1066198,5
1402635,4
531160,4
1661271,5
903037,4
1283622,5
1129145,5
1237706,5
165287,5
283355,4
1208973,4
833147,4
301314,4
962817,4
1638512,2
213287,2
167376,2
1453761,5
571009,4
875693,4
191353,3
1434004,5
691711,5
120854,4
1688916,5
1232756,5
183334,5
915984,4
713995,3
1328337,4
1217323,4
197504,5
505024,5
1232639,3
646811,1
1426675,3
1029894,5
478954,4
1675068,5
333062,4
1157153,3
1036857,5
990006,3
1183974,2
259696,2
216893,4
1227313,4
805745,3
1006948,3
1194165,5
1600772,4
1383096,4
776011,4
1506850,4
208067,4
600401,4
242887,5
1428554,4
17701,5
1564386,3
1341978,4
996350,4
312302,4
1542149,4
103461,4
1294519,5
1531079,3
749201,4
1680308,5
933553,5
630919,5
1081865,3
1072901,4
1680132,5
1613271,5
200374,2
1586863,5
1424509,3
339563,4
1615605,5
534908,5
1025382,5
233154,4
939447,4
528238,4
407189,3
1168589,3
1342663,5
1049647,3
216729,4
1430744,5
990380,5
1150477,4
1095955,4
1091331,5
1450411,5
1168074,4
866754,3
113301,5
1301423,3
794186,4
433727,3
183264,4
1510683,3
362093,5
330559,3
1689268,3
1009882,4
1070513,4
1120055,5
98385,5
1281727,4
830142,3
50360,5
40965,4
865212,4
9034,5
1515356,4
526651,2
1221901,5
47160,5
1439553,5
779640,2
1139270,4
93984,4
1638944,2
711785,4
191733,4
590938,5
612102,5
170864,4
729127,4
202129,4
1092658,4
489325,4
1454769,4
291836,5
359811,5
158354,4
1224704,5
837899,5
12521,2
1347292,3
303560,4
282005,4
1076943,4
780114,5
794729,4
724800,4
1471812,3
447371,5
150076,3
1286353,5
443684,5
137326,3
994804,4
1277311,3
77505,4
445200,4
1004519,4
361133,4
479342,4
1082578,5
527668,4
1502761,4
1672001,3
670197,4
818442,2
1215371,4
1270435,3
1115898,5
1169927,4
490873,4
1401554,5
1462779,5
1256931,4
106082,5
870155,1
791210,5
551291,3
308294,4
1139411,5
309021,4
1188879,4
758074,2
101574,4
1535816,3
416381,4
1538016,4
253741,4
988038,4
1194399,4
1660889,4
1086943,4
1314525,4
296264,4
117136,5
63584,4
1448404,3
1516941,5
89895,5
906547,3
125017,4
1134156,4
380345,4
423872,4
668204,3
1147547,4
59895,5
842093,4
241995,4
356853,5
970926,4
734609,3
641637,4
536626,4
255340,4
1632554,5
1349050,2
1494924,2
823529,4
1205997,5
913,3
520870,5
678736,4
215228,5
377595,4
1566488,5
730533,3
954229,3
615078,2
279189,5
1152043,4
647112,3
1492428,4
1096804,2
36527,5
1096442,4
995690,5
1464811,4
1457702,4
210501,3
1602422,4
361651,4
632280,2
1082789,5
471262,3
422937,5
875707,5
1216306,5
241513,3
502367,5
320017,4
258960,5
1494684,4
956489,5
918140,5
755599,5
65110,4
227826,5
280362,5
377160,4
617907,4
1463652,4
414379,5
29795,3
419510,3
1355380,4
1127749,5
1535796,4
341155,5
315842,4
815963,4
523423,5
631809,5
1024389,5
659774,4
572816,4
533617,5
248928,5
192769,4
94968,5
1108025,4
315677,3
1221024,4
318805,5
793694,4
1152968,4
527912,4
396269,5
1626891,3
560201,4
237127,5
872986,5
335888,5
432948,5
1360247,3
1512891,4
122625,5
1219822,5
1350381,5
1132168,2
1122901,4
478036,4
783166,5
1050831,4
532790,5
684450,4
784101,2
335967,4
1052675,4
178800,5
1124216,5
852673,2
707751,4
954791,4
1366038,3
245188,4
863210,5
855177,4
980548,5
1492254,5
1245279,4
1143732,5
825070,4
1119552,5
1582009,5
1442914,5
469363,4
763284,4
1389925,5
1664031,4
1622516,4
889805,4
1115142,5
164017,4
1034044,5
172492,4
1356906,5
580035,3
1639752,5
415447,3
322687,4
845104,4
1400262,4
668246,4
519897,5
426228,5
434557,3
1197447,5
625210,4
91554,4
1395466,4
779432,4
225598,4
989342,5
71523,3
1589021,5
1402733,5
775100,5
553817,5
738974,3
1572271,5
5037,5
1275771,5
907257,3
1008310,4
812037,5
594304,5
431396,3
1355578,5
1180912,4
1425909,5
1563486,5
29655,4
1383978,4
990092,5
433230,4
1318471,3
854832,4
130246,1
959142,2
1540765,5
1537514,4
511781,5
671567,4
1422040,5
81270,4
1477655,5
1141392,5
310481,5
7642,5
1293816,4
285229,4
193376,4
1602538,5
1682842,5
967559,4
725457,4
1118001,5
576582,5
1016384,5
715866,4
1571217,3
1488529,4
41602,5
1437384,2
289153,3
998313,4
1583981,5
226930,4
1358715,5
42448,3
108627,5
904553,3
442117,4
1572665,5
610572,5
1201683,4
1543043,3
1180251,2
339671,5
1364413,4
432629,5
1454031,3
1500360,4
1583405,4
1508483,4
347314,3
877950,5
549023,4
1389013,5
910498,5
1049103,5
143879,4
569948,4
1028407,5
464666,4
194091,5
122009,5
748366,4
1117830,4
430635,2
1538144,4
1417134,5
104472,5
445011,4
28066,5
1347539,3
8228,5
956725,4
718359,2
469232,3
650559,4
955268,2
1393886,4
291344,4
584486,3
146633,5
575283,5
120784,3
1094573,3
89887,4
1158117,5
318951,4
62245,4
800033,4
1047985,4
326926,5
1511041,5
1327788,3
1124813,4
734454,3
862571,5
174171,5
1368353,4
500624,4
579297,4
621756,5
576852,5
861097,4
1080616,3
999949,5
1339321,2
1417717,4
435010,5
43907,4
848754,5
954217,5
1520551,5
1546108,5
80770,5
60018,5
1259173,3
1150565,5
720883,4
691616,5
751385,4
1481313,4
960771,4
202550,4
1676602,2
392736,5
344507,4
1115856,4
520079,5
16573,5
555192,5
1614590,4
395926,4
907588,4
1601743,5
1248998,4
567159,5
636411,3
1419790,4
1421927,5
1185290,4
1470640,2
1128873,4
282278,5
1023617,3
765171,2
1268582,4
1453762,4
1497102,5
1561593,5
1470114,2
54918,5
1109596,5
1190106,4
1153218,4
520914,4
23563,5
1082298,5
200545,4
1689029,4
757880,4
330167,3
1183583,5
312832,5
663646,2
111925,5
424118,5
293039,5
1005433,4
1454945,5
564995,5
1115207,4
1504645,2
1588031,4
231223,4
1041095,4
1511827,5
577483,4
1528293,4
395026,5
1093531,5
1007737,4
393563,4
1091059,4
379358,5
928466,4
123743,4
845884,4
1493050,4
1168995,4
120,5
613800,4
1269707,5
1659656,5
80084,5
426344,5
335381,4
1440028,5
1119821,5
595142,5
200215,4
275578,4
1105136,4
1193820,5
979376,3
599430,4
416623,3
429284,1
9746,4
919240,4
1090339,4
416739,5
43453,4
837522,4
853935,5
656791,4
1116598,5
1591209,2
1160897,5
251240,5
189804,4
1637599,4
125368,5
242947,4
348605,4
622572,4
772602,5
1566507,5
1449736,4
1148375,5
433934,3
985979,3
48175,5
1286023,4
334424,5
1181208,4
1419638,5
1479725,5
838380,5
995695,5
317404,5
1016771,5
919837,2
737026,5
98536,5
1591449,5
1132836,4
1416271,4
35548,4
1240070,3
1220673,3
713367,5
956938,3
1138626,2
27467,5
9782,5
483510,4
1037783,4
86237,4
1227188,4
1325846,5
679038,4
1399766,3
249496,5
998981,4
304855,5
92260,3
76415,3
1063655,4
763601,5
1012366,4
708151,4
167441,5
621432,3
131802,4
1429442,5
244706,4
882071,5
495038,5
234551,4
1072712,5
805440,4
726282,5
1634637,4
1218887,3
459399,4
1088945,5
648752,4
1393022,4
965366,4
26113,4
926454,4
1572171,5
885724,3
146725,3
103350,5
385609,2
1486655,5
38216,5
1102021,2
530574,4
427646,2
1030378,5
589299,5
1526488,4
360087,4
204459,3
58756,4
689450,2
824081,5
953692,3
690750,2
1366224,4
367309,3
1571813,3
949064,5
733358,4
341033,3
1591581,4
217001,5
1170577,5
303499,4
1308734,3
684480,5
397052,5
103252,5
1462780,5
880578,4
1418165,3
484167,4
970039,5
1188512,5
571652,3
1283317,3
1382120,5
120002,3
1429176,4
433131,3
80902,5
1111668,5
1458852,4
1295108,4
848146,2
377437,3
1025591,4
1163900,4
33333,5
940596,5
777395,3
1121419,5
1582800,4
1519176,3
462714,3
1512078,5
1616649,4
130629,4
273690,4
1091795,5
1487731,2
1062811,5
893354,3
1349189,3
1171595,4
1329171,5
1069561,2
28213,4
1155520,5
1297100,4
865644,4
1504057,3
249970,5
546872,4
71858,4
179418,5
1366307,4
1462669,4
96240,4
1199785,4
1126870,3
1603279,4
465928,4
853024,3
1682683,4
1485559,5
735986,4
763735,5
382501,4
773346,4
922708,4
1233699,3
706626,2
546873,5
1080074,5
465752,5
355904,2
1420774,4
813279,4
967369,4
1585761,4
1122996,4
1157978,5
918574,3
508767,4
407112,4
124398,5
1466243,4
1445373,5
1183052,4
1403788,4
962520,5
1353699,4
1491809,4
786758,4
417379,2
186768,2
1586294,5
217036,5
679362,1
1593153,2
21133,2
50653,5
1092077,4
1137056,4
671973,5
1450414,3
903909,2
1495091,3
358809,4
122026,5
608158,4
809659,5
547475,4
1251699,4
1005588,3
1418956,4
158364,1
701909,4
128238,4
114674,4
1273162,5
641396,4
83218,3
910742,2
201863,4
653322,3
419280,4
70031,5
912789,4
13033,3
632173,4
140759,5
1155041,4
1539211,4
892388,5
95262,4
516651,5
1579340,4
1372091,4
990333,4
756757,5
669061,3
1467002,4
1004082,4
257523,4
843236,3
274794,4
39785,4
1304678,5
432227,3
295665,4
403900,5
705680,5
319950,5
841084,4
694515,5
47709,5
694681,4
452882,4
961107,3
556636,3
970453,4
621674,4
201813,5
26771,4
491763,4
1258147,3
1592079,2
1169283,5
297756,4
618579,5
1100994,5
64309,4
158668,4
910354,1
1333653,5
479566,5
1060020,5
937003,4
1532761,4
695326,4
174897,4
710942,5
1651793,5
29074,5
1530214,4
1137067,4
952184,5
457583,4
546930,4
1466028,4
875147,5
1271013,4
1051416,5
1114673,4
1101697,4
1597920,2
1394286,5
714524,5
730001,3
973954,5
1395071,4
515768,5
1199863,4
1570825,3
747579,5
1266489,2
263750,4
557971,4
1317889,1
744581,4
607356,5
508504,4
1125948,4
415229,5
281876,5
958653,4
512887,5
648693,3
1608521,5
45472,5
1152505,5
345723,5
1202236,4
1321420,5
689144,5
391973,5
1582222,5
1218322,2
1279027,4
1124984,3
519089,5
1098217,1
141485,4
19817,4
1032620,4
621719,5
184029,4
1579719,5
792637,5
1052088,1
1493611,5
649077,5
407957,5
354428,4
1669366,4
1442221,5
286448,4
1191550,3
1102794,5
59560,5
1143796,4
511375,5
1162408,3
931952,3
737369,2
970673,5
969395,5
295278,4
1139527,4
550832,4
403110,5
1604751,4
454828,5
147627,3
822023,4
393420,4
1608363,5
487957,5
1441356,5
389682,5
432673,5
785365,4
1063103,5
1506537,5
607763,5
303870,5
1502423,5
915950,4
1090603,4
455039,4
847372,5
542613,1
63,5
1449424,3
812560,4
1390989,5
1620159,4
1083294,5
526037,5
10846,5
1498734,5
567101,4
1267031,5
871188,4
219606,4
1226136,5
300616,4
109335,4
780819,4
1067969,5
1428927,4
1663186,3
943484,3
484224,4
782436,4
1661893,4
655325,4
541136,3
1329563,3
571863,4
954661,5
148855,4
1091894,4
117472,5
97130,5
294993,5
1645669,3
415933,5
1360801,4
1688459,4
852246,4
88604,5
1344188,5
689274,3
1041782,4
1088464,2
790339,4
407899,5
171539,4
15729,4
709543,4
425554,5
751523,4
766448,5
63366,4
1114861,5
1599409,4
610288,5
656179,5
1236694,4
528625,4
651845,4
583205,4
625836,4
735576,4
681333,4
1086271,4
403804,4
1621012,4
1422107,4
55661,5
393655,3
135995,4
105217,4
616547,4
1408917,3
1069791,4
1690428,4
1586307,4
984230,4
1487396,3
190782,4
404567,4
1642313,5
868293,4
93702,5
1219814,4
395222,3
665296,5
637872,4
800485,1
1470301,4
13995,2
665865,3
174931,5
819715,4
1020899,2
784196,5
111221,4
719493,4
402369,4
1512612,4
1233771,5
900129,5
1061100,4
430810,5
1579259,3
156687,5
833128,4
333423,5
487602,4
420822,5
983905,4
531936,5
58286,5
412954,5
956696,3
402822,5
1316505,3
197377,5
669231,4
1639571,5
1673257,5
117519,5
1518784,5
1686202,4
1162826,4
195356,5
1395024,2
139171,5
784991,3
1425339,3
1457941,4
1327869,5
1354409,5
32132,5
1248716,5
1507927,5
1497418,5
85786,5
1508808,4
1608908,4
1690247,4
176134,2
1047462,3
1434778,5
413081,5
339836,5
543431,5
453685,5
1253362,5
858940,4
1484623,4
1157977,4
915993,4
721896,5
420391,5
452635,4
533177,4
1679075,4
1135048,5
225436,5
1628585,5
1551148,4
626848,4
988863,4
327530,4
1508182,5
1084604,3
229011,5
1463641,5
1288480,4
1667686,5
240245,4
1641267,2
849214,5
860969,4
458733,4
906183,5
1179776,5
339911,4
693281,3
731676,4
1124626,4
836425,3
1483988,5
331269,4
834284,4
147761,2
240853,5
640676,4
1036953,5
1337039,5
1349681,4
1551499,4
498360,3
670477,2
1548972,4
842670,4
1463233,5
996416,3
694790,3
49288,3
1593159,4
1146672,4
377076,4
437592,4
1343090,5
574384,4
1313412,4
1206504,3
849514,3
1417398,4
247492,5
1488447,5
470767,4
75199,5
516888,4
840042,4
1694757,2
1448432,5
749910,5
99912,4
847480,4
1457506,5
1541520,3
1160565,5
1064417,3
832476,4
1540716,4
1683522,3
125832,2
258349,2
1139123,2
857403,5
469547,4
116981,3
1068436,4
1167146,5
1238722,4
743312,2
460721,3
1218118,4
612516,4
339051,5
332953,4
698623,4
1021426,4
1144721,5
758271,3
1021691,4
1313803,4
476959,4
958763,4
380229,2
1116996,4
416281,4
80641,5
449919,5
621340,4
668605,5
1569728,4
763274,5
386746,2
1675769,2
633943,4
1312963,5
909656,5
931889,4
1238991,5
1616545,4
1306936,3
179360,4
34137,3
1342436,3
986099,5
460916,4
196127,4
829552,4
671961,4
387405,2
1433582,4
418619,4
405201,5
686452,3
1437578,4
651768,3
267244,4
1377562,4
857946,3
1529181,5
789970,4
1424963,4
1404494,4
149635,4
258770,5
755508,3
908316,5
1094399,4
1017450,5
633637,4
835237,4
506068,4
260063,2
1215453,3
155144,4
385461,5
300795,3
348261,4
289607,5
709574,5
801826,5
17145,5
1460473,4
1198526,5
1236099,5
1198550,5
495706,4
1519548,5
1195599,3
339771,3
253337,5
1259058,2
1230601,4
588470,4
1530104,4
624531,3
936309,5
1668450,4
711487,4
1366037,4
1299123,4
1408620,4
627236,5
533860,4
543611,5
511629,4
1605107,5
1372234,5
14855,4
978586,5
525054,4
1582330,3
473733,4
1330055,2
1325770,4
577762,5
1570562,5
1085860,5
347162,4
187119,4
1526020,4
313123,4
322606,4
147607,4
1201921,2
1210416,5
369787,5
209683,4
318869,4
1273684,5
131049,4
569352,4
1026881,5
1597955,3
210243,5
477995,4
172782,5
308624,3
1182137,5
1616218,5
1375627,4
1573344,5
977428,4
198402,5
353711,4
1040931,5
1665203,4
932020,5
6771,3
727433,5
342579,3
1036538,4
1062851,4
1684669,4
762223,4
1058310,4
29613,4
890480,5
740502,4
266952,5
928690,2
916714,4
217396,4
1618554,5
942669,4
81739,4
813150,4
1174124,4
1308521,4
332768,4
910519,2
577060,3
1605567,5
194481,5
570762,2
187044,4
968569,4
398228,5
1112254,4
697115,5
793604,4
995265,4
290635,5
1091208,3
1190421,5
1677878,3
1599060,2
638983,4
131554,5
98677,5
647282,5
449705,4
721158,5
940375,4
1023071,3
618199,5
1666115,2
579414,5
832793,5
126544,5
1631331,3
1640160,5
113271,4
499439,4
1312241,5
1124505,4
1355794,2
1202607,4
632959,5
371546,4
453116,4
482649,5
254239,4
1422658,4
1185641,5
225496,5
1364643,5
1484343,4
1166939,5
820261,3
149383,4
1682115,5
1126201,4
1033036,5
470658,3
1540724,5
1267380,4
81022,4
1336988,4
1312427,2
1573827,4
450601,4
838986,5
552578,3
1032382,5
1213296,4
879580,4
1584006,2
611967,4
1342151,3
171695,5
675238,3
1282120,4
981610,4
1190950,3
919570,5
409297,4
314169,5
659021,3
345741,3
792307,5
485601,4
663315,2
30666,5
28512,5
1365037,5
715633,3
730090,5
395906,5
197511,5
1253646,4
4540,5
617695,4
1339382,2
1004086,4
1018582,5
1380111,5
1319059,5
1072556,4
600794,5
633506,4
264252,5
958923,5
1145390,4
528867,5
82511,5
149210,5
922623,5
284319,5
1171612,4
1240806,4
1552773,5
1632914,4
1216034,5
1209936,5
1402736,3
1382411,4
611523,5
271464,5
675383,5
615876,4
515964,4
1482207,3
1305626,3
351335,4
1375689,4
964380,5
1131667,5
750945,3
367953,4
774428,5
296527,4
625493,5
1117656,4
1006142,4
600956,4
221958,4
149137,4
1465472,4
385177,4
108422,5
529827,4
1510910,2
1622772,4
682400,5
729323,4
1145663,5
1293246,5
1506142,4
300952,5
207198,3
623343,3
1295263,5
1058494,4
201178,4
1108241,3
1495955,4
1353161,5
1354913,4
902103,4
1032474,4
888228,5
239348,5
315376,5
632166,4
956623,5
72966,4
10634,4
572350,5
1101909,4
846172,4
878523,3
632636,2
538722,3
1084688,4
838565,5
1037845,4
1396471,4
6608,5
360723,5
1239148,3
1109697,4
342331,4
1017103,5
213243,4
1623501,4
713084,4
1637141,3
837985,5
188133,4
577073,4
766590,5
1492038,4
1094762,3
26519,4
209347,2
1568816,3
1295479,5
164874,4
1517965,4
1217677,3
1669180,5
98760,5
911793,4
108100,4
196028,4
8279,5
1360381,5
1251374,3
404889,5
543700,5
1221949,5
1591695,4
809643,4
1365459,5
481171,3
595807,5
1040129,4
702830,5
189524,5
760462,5
142393,5
212742,3
760963,4
949348,2
1395434,3
1129054,4
1122526,4
963544,4
457564,4
953954,5
193421,5
1575818,4
500971,4
265901,4
1066572,5
1516018,4
1556238,5
350816,5
1363861,4
1589277,5
937221,5
543263,5
488271,5
385128,4
432606,5
1459514,4
1647018,4
1644021,4
127075,5
636650,5
1558116,4
550434,5
828484,4
1315964,5
86837,5
1061418,5
850222,5
1660328,3
903362,4
29077,4
1049169,5
1061586,5
1609607,5
119073,3
611056,4
1442596,4
640331,2
1207012,3
295588,5
1276262,4
138929,2
1150761,5
294163,4
1269203,2
1026652,5
432553,5
634514,5
1619917,3
1567918,4
1511317,4
818882,3
1441909,5
855595,5
299631,4
1147598,4
1093681,4
472825,4
739890,5
1238960,4
123899,5
193353,5
251557,5
978272,4
825215,3
938789,3
1596906,4
576797,5
1080842,1
919282,3
893690,5
1464037,2
495822,5
105386,4
550462,5
595820,2
509198,5
1041929,5
1424300,3
1174058,5
395058,5
1682617,4
724239,4
1176770,5
1541627,5
856029,4
962233,4
954917,5
1195878,4
887002,4
18771,5
1101537,4
1112825,4
1469376,4
1154394,3
1303772,4
1095284,4
835372,5
322308,5
1296796,4
492160,5
699270,4
691337,4
1272142,5
920898,5
192246,4
39595,5
1416999,5
951089,5
1387017,4
328200,4
1229386,3
649014,4
1601771,5
1227718,5
59181,4
98398,5
1188552,5
1655080,3
1218123,4
996493,4
363925,3
122036,2
116567,3
485117,4
1235406,4
230380,5
949411,4
175069,4
1335127,4
1382881,4
1145371,2
226587,4
1096833,5
149944,5
1483273,3
176742,4
902180,5
295825,5
1472036,4
305278,5
1446673,2
1394077,3
1317916,4
33915,5
1004161,4
1148243,4
536868,4
1124853,3
114344,5
1176168,5
1385918,3
1082576,4
1427250,4
714056,5
1144761,5
1346876,4
583286,4
569972,4
1474087,3
1414069,4
76112,4
1530637,4
1359722,5
626509,4
1083877,5
1585331,5
1454060,3
923840,4
247315,5
715678,5
1442863,5
1054623,5
117491,5
104789,5
657094,2
201432,2
86013,5
1611892,4
1386493,2
1450821,4
1158728,3
1554650,5
1686039,5
1177465,3
1672799,4
936957,4
672478,4
83848,5
445760,4
1625926,5
993675,3
356012,5
1458842,3
859677,4
1269047,5
397459,5
549482,3
1086173,5
151693,4
642661,4
292964,5
1246531,3
53308,2
1202643,1
957177,5
1143515,5
1146078,4
944447,3
556930,2
1081527,5
405167,5
959894,4
383456,3
1448272,5
730606,5
170213,4
1128263,5
215215,5
743755,5
1511975,4
649009,4
1244258,3
663702,4
553398,5
1258623,5
351213,5
1327000,4
404978,4
1488719,3
724893,4
834561,3
883080,4
81485,4
1381131,4
1259418,5
1339378,3
660985,4
1185078,2
1591171,5
208314,4
427522,4
798036,4
115557,5
767239,4
939276,5
266953,5
1388366,5
964457,4
781432,5
612332,5
710849,4
972560,5
612717,4
530279,2
710621,5
1301026,5
1226274,4
815557,3
1498513,4
1547465,5
810216,4
513069,4
747916,4
1188557,5
760486,5
188724,5
1228165,4
1646069,4
569242,4
76812,5
451624,5
1516239,3
1475490,3
660432,4
1360327,5
855348,4
505502,3
385235,5
71884,5
563793,5
462758,4
1051523,5
678986,4
772159,4
703968,4
1479875,1
1206689,3
371305,3
1697324,4
1079123,3
531610,3
1044128,3
1504832,3
226164,4
1652147,4
1268493,5
1381326,3
1468724,4
186847,4
572567,4
997792,4
122019,4
1499913,4
1121956,5
277855,5
297776,4
1761,4
733575,4
873422,5
1054545,5
1514531,4
1621869,5
1213965,4
833260,2
857907,5
1128351,5
679235,5
402378,5
590010,4
1533443,4
227546,5
1310549,5
1632040,3
277989,5
1366455,5
92052,5
290665,4
895699,4
374189,5
1326356,4
1617957,3
926909,4
1675321,5
729504,4
1143408,5
1579987,4
1500425,5
240872,5
877158,5
1101351,5
380038,5
990796,5
1082627,2
74652,4
973040,4
1499118,5
1106472,4
108874,5
1358188,4
1377145,5
1675028,4
740140,5
309944,3
1344059,4
458220,4
603183,2
559462,4
692391,3
1069162,3
96175,4
945290,3
1012127,3
351137,5
446941,2
1258949,5
364442,5
804435,4
1363604,3
1670351,3
86804,5
1502652,5
1139135,3
715438,4
1112842,5
161105,5
1644136,5
226423,4
1521415,3
456121,5
482439,3
519195,5
1516415,3
463342,4
627775,4
391182,5
1586033,2
127184,5
806480,4
866745,4
110368,4
4001,4
955514,4
1593141,4
1294828,5
926424,4
1118132,5
993096,4
1221099,4
111527,4
1033018,5
1401749,2
1687625,2
495881,2
1519917,5
1431971,4
704695,4
57585,5
211511,4
643001,4
1687181,3
10735,5
1332985,5
1380267,3
532882,2
1408871,5
128235,3
1410788,5
403020,5
172259,4
1606853,1
217167,4
672759,5
118430,4
1369246,4
790227,3
1161119,4
774466,4
705098,4
1402423,2
183195,4
644498,4
377467,5
284437,4
80045,5
944398,4
178982,5
402488,4
616114,4
1359647,4
1645942,4
1088833,5
316832,5
121619,4
869974,5
177838,5
299666,3
